Date,VIX High
2004-01-02,18.68
2004-01-05,18.49
2004-01-06,17.67
2004-01-07,16.75
2004-01-08,15.68
2004-01-09,16.88
2004-01-12,17.46
2004-01-13,18.33
2004-01-14,17.3
2004-01-15,17.31
2004-01-16,15.44
2004-01-20,16.13
2004-01-21,15.63
2004-01-22,14.87
2004-01-23,15.05
2004-01-26,15.78
2004-01-27,15.44
2004-01-28,17.06
2004-01-29,17.66
2004-01-30,17.35
2004-02-02,17.56
2004-02-03,17.78
2004-02-04,18.06
2004-02-05,17.99
2004-02-06,17.71
2004-02-09,16.82
2004-02-10,16.76
2004-02-11,16.16
2004-02-12,15.72
2004-02-13,16.03
2004-02-17,15.96
2004-02-18,15.76
2004-02-19,15.97
2004-02-20,16.55
2004-02-23,16.78
2004-02-24,16.76
2004-02-25,16.05
2004-02-26,15.33
2004-02-27,14.77
2004-03-01,15.05
2004-03-02,14.89
2004-03-03,15.27
2004-03-04,14.5
2004-03-05,14.82
2004-03-08,15.83
2004-03-09,16.74
2004-03-10,18.7
2004-03-11,20.69
2004-03-12,20.08
2004-03-15,21.39
2004-03-16,20.94
2004-03-17,19.55
2004-03-18,19.23
2004-03-19,19.25
2004-03-22,22.67
2004-03-23,21.33
2004-03-24,20.83
2004-03-25,19.58
2004-03-26,18.23
2004-03-29,17.17
2004-03-30,16.8
2004-03-31,16.96
2004-04-01,17.25
2004-04-02,16.55
2004-04-05,16.64
2004-04-06,15.53
2004-04-07,16.36
2004-04-08,16.82
2004-04-12,16.12
2004-04-13,17.98
2004-04-14,17.71
2004-04-15,16.78
2004-04-16,15.69
2004-04-19,16.08
2004-04-20,16.72
2004-04-21,16.94
2004-04-22,15.98
2004-04-23,14.56
2004-04-26,15.22
2004-04-27,15.17
2004-04-28,16.54
2004-04-29,17.27
2004-04-30,17.23
2004-05-03,17.72
2004-05-04,17.13
2004-05-05,16.55
2004-05-06,17.67
2004-05-07,18.17
2004-05-10,20.2
2004-05-11,19.28
2004-05-12,20.41
2004-05-13,18.92
2004-05-14,19.27
2004-05-17,20.45
2004-05-18,19.7
2004-05-19,18.93
2004-05-20,19.25
2004-05-21,18.74
2004-05-24,18.82
2004-05-25,18.42
2004-05-26,16.3
2004-05-27,15.86
2004-05-28,15.65
2004-06-01,16.96
2004-06-02,16.7
2004-06-03,17.04
2004-06-04,16.9
2004-06-07,16.7
2004-06-08,15.88
2004-06-09,15.46
2004-06-10,15.35
2004-06-14,16.36
2004-06-15,15.35
2004-06-16,15.22
2004-06-17,15.58
2004-06-18,15.25
2004-06-21,15.62
2004-06-22,15.64
2004-06-23,14.82
2004-06-24,14.97
2004-06-25,15.29
2004-06-28,16.13
2004-06-29,16.28
2004-06-30,15.73
2004-07-01,15.57
2004-07-02,15.45
2004-07-06,16.75
2004-07-07,16.47
2004-07-08,16.36
2004-07-09,16.03
2004-07-12,15.61
2004-07-13,15.08
2004-07-14,16.59
2004-07-15,14.73
2004-07-16,14.58
2004-07-19,15.83
2004-07-20,15.57
2004-07-21,16.46
2004-07-22,17.1
2004-07-23,16.94
2004-07-26,17.93
2004-07-27,17.34
2004-07-28,17.41
2004-07-29,16.12
2004-07-30,15.89
2004-08-02,16.58
2004-08-03,16.05
2004-08-04,16.65
2004-08-05,18.41
2004-08-06,19.68
2004-08-09,19.97
2004-08-10,18.86
2004-08-11,18.49
2004-08-12,19.3
2004-08-13,19.25
2004-08-16,19.28
2004-08-17,17.28
2004-08-18,17.55
2004-08-19,17.55
2004-08-20,17.04
2004-08-23,16.71
2004-08-24,15.81
2004-08-25,15.76
2004-08-26,15.22
2004-08-27,15.02
2004-08-30,15.58
2004-08-31,15.85
2004-09-01,15.39
2004-09-02,15.05
2004-09-03,14.38
2004-09-07,14.64
2004-09-08,14.31
2004-09-09,14.41
2004-09-10,14.23
2004-09-13,13.78
2004-09-14,13.89
2004-09-15,14.67
2004-09-16,14.66
2004-09-17,14.43
2004-09-20,15.29
2004-09-21,15.98
2004-09-22,15.3
2004-09-23,15.08
2004-09-24,14.94
2004-09-27,15.09
2004-09-28,14.84
2004-09-29,14.14
2004-09-30,13.67
2004-10-01,13.11
2004-10-04,13.45
2004-10-05,14.19
2004-10-06,14.1
2004-10-07,14.66
2004-10-08,15.52
2004-10-11,15.27
2004-10-12,15.69
2004-10-13,15.63
2004-10-14,16.56
2004-10-15,16.49
2004-10-18,16.16
2004-10-19,16.32
2004-10-20,15.53
2004-10-21,15.19
2004-10-22,15.41
2004-10-25,16.71
2004-10-26,16.87
2004-10-27,16.53
2004-10-28,16.05
2004-10-29,16.29
2004-11-01,16.76
2004-11-02,16.32
2004-11-03,15.18
2004-11-04,14.02
2004-11-05,14.1
2004-11-08,14.48
2004-11-09,13.96
2004-11-10,13.51
2004-11-11,13.12
2004-11-12,13.48
2004-11-15,14.06
2004-11-16,13.67
2004-11-17,13.39
2004-11-18,13.29
2004-11-19,13.83
2004-11-22,13.71
2004-11-23,12.91
2004-11-24,12.89
2004-11-26,12.9
2004-11-29,13.69
2004-11-30,13.38
2004-12-01,13.12
2004-12-02,13.04
2004-12-03,13.06
2004-12-06,13.4
2004-12-07,13.74
2004-12-08,13.68
2004-12-09,13.71
2004-12-10,13.15
2004-12-13,12.61
2004-12-14,12.97
2004-12-15,12.88
2004-12-16,12.59
2004-12-17,12.75
2004-12-20,12.34
2004-12-21,12
2004-12-22,11.71
2004-12-23,11.64
2004-12-27,12.16
2004-12-28,12.4
2004-12-29,11.79
2004-12-30,12.61
2004-12-31,13.29
2005-01-03,14.23
2005-01-04,14.45
2005-01-05,14.09
2005-01-06,14.09
2005-01-07,13.51
2005-01-10,13.93
2005-01-11,13.68
2005-01-12,13.94
2005-01-13,12.86
2005-01-14,12.82
2005-01-18,13.15
2005-01-19,13.21
2005-01-20,14.11
2005-01-21,14.46
2005-01-24,14.75
2005-01-25,14.36
2005-01-26,13.84
2005-01-27,13.57
2005-01-28,13.56
2005-01-31,13.63
2005-02-01,13.02
2005-02-02,12.06
2005-02-03,12.12
2005-02-04,11.97
2005-02-07,11.75
2005-02-08,11.67
2005-02-09,12.02
2005-02-10,11.99
2005-02-11,11.82
2005-02-14,11.86
2005-02-15,11.76
2005-02-16,11.5
2005-02-17,11.91
2005-02-18,12.12
2005-02-22,13.2
2005-02-23,12.94
2005-02-24,12.51
2005-02-25,11.78
2005-02-28,12.5
2005-03-01,12.1
2005-03-02,12.91
2005-03-03,13.07
2005-03-04,12.5
2005-03-07,12.6
2005-03-08,12.5
2005-03-09,12.72
2005-03-10,12.97
2005-03-11,12.98
2005-03-14,12.99
2005-03-15,13.22
2005-03-16,13.81
2005-03-17,13.67
2005-03-18,13.67
2005-03-21,13.98
2005-03-22,14.28
2005-03-23,14.89
2005-03-24,13.88
2005-03-28,14.01
2005-03-29,14.68
2005-03-30,14.47
2005-03-31,14.1
2005-04-01,14.38
2005-04-04,14.76
2005-04-05,14.11
2005-04-06,13.76
2005-04-07,12.96
2005-04-08,12.65
2005-04-11,12.46
2005-04-12,12.83
2005-04-13,13.44
2005-04-14,14.6
2005-04-15,18.05
2005-04-18,18.59
2005-04-19,15.97
2005-04-20,17.25
2005-04-21,16.22
2005-04-22,16.32
2005-04-25,15.47
2005-04-26,15.15
2005-04-27,15.93
2005-04-28,16.87
2005-04-29,16.92
2005-05-02,16.01
2005-05-03,15.31
2005-05-04,15.38
2005-05-05,15.82
2005-05-06,14.06
2005-05-09,14.56
2005-05-10,15.11
2005-05-11,15.8
2005-05-12,16.23
2005-05-13,17.7
2005-05-16,16.87
2005-05-17,16.21
2005-05-18,14.13
2005-05-19,14.02
2005-05-20,13.73
2005-05-23,13.45
2005-05-24,13.3
2005-05-25,13.11
2005-05-26,12.38
2005-05-27,12.43
2005-05-31,13.45
2005-06-01,13.34
2005-06-02,12.43
2005-06-03,12.49
2005-06-06,13
2005-06-07,12.43
2005-06-08,12.83
2005-06-09,13.07
2005-06-10,12.4
2005-06-13,12.12
2005-06-14,12.02
2005-06-15,11.96
2005-06-16,11.36
2005-06-17,11.64
2005-06-20,12.53
2005-06-21,11.67
2005-06-22,11.31
2005-06-23,12.13
2005-06-24,12.32
2005-06-27,12.78
2005-06-28,12.31
2005-06-29,11.78
2005-06-30,12.1
2005-07-01,11.92
2005-07-05,12.41
2005-07-06,12.33
2005-07-07,13.92
2005-07-08,12.29
2005-07-11,11.41
2005-07-12,11.37
2005-07-13,11.44
2005-07-14,11.13
2005-07-15,10.9
2005-07-18,11.09
2005-07-19,10.79
2005-07-20,10.94
2005-07-21,11.21
2005-07-22,11.05
2005-07-25,11.28
2005-07-26,11.25
2005-07-27,11.03
2005-07-28,10.58
2005-07-29,11.73
2005-08-01,12.23
2005-08-02,12.03
2005-08-03,12.01
2005-08-04,12.57
2005-08-05,12.92
2005-08-08,13.29
2005-08-09,12.78
2005-08-10,12.56
2005-08-11,12.94
2005-08-12,12.98
2005-08-15,12.99
2005-08-16,13.89
2005-08-17,13.76
2005-08-18,13.88
2005-08-19,13.85
2005-08-22,13.89
2005-08-23,14.05
2005-08-24,14.18
2005-08-25,14.12
2005-08-26,14.2
2005-08-29,14.41
2005-08-30,14.18
2005-08-31,13.63
2005-09-01,13.37
2005-09-02,13.72
2005-09-06,14.18
2005-09-07,13.2
2005-09-08,12.94
2005-09-09,12.65
2005-09-12,11.89
2005-09-13,12.48
2005-09-14,13.26
2005-09-15,13.17
2005-09-16,11.93
2005-09-19,12.46
2005-09-20,12.96
2005-09-21,13.91
2005-09-22,14.39
2005-09-23,13.88
2005-09-26,13.47
2005-09-27,13.46
2005-09-28,12.98
2005-09-29,13.23
2005-09-30,12.44
2005-10-03,12.62
2005-10-04,13.21
2005-10-05,14.58
2005-10-06,15.63
2005-10-07,14.82
2005-10-10,15.61
2005-10-11,15.7
2005-10-12,16.27
2005-10-13,17.19
2005-10-14,16.03
2005-10-17,15.3
2005-10-18,15.4
2005-10-19,15.86
2005-10-20,16.19
2005-10-21,16.27
2005-10-24,16.44
2005-10-25,15.3
2005-10-26,14.88
2005-10-27,16.3
2005-10-28,15.61
2005-10-31,15.39
2005-11-01,15.66
2005-11-02,14.99
2005-11-03,13.23
2005-11-04,13.62
2005-11-07,13.65
2005-11-08,13.61
2005-11-09,13.36
2005-11-10,13.17
2005-11-11,11.96
2005-11-14,12.34
2005-11-15,12.69
2005-11-16,12.68
2005-11-17,12.2
2005-11-18,11.67
2005-11-21,11.38
2005-11-22,11.1
2005-11-23,11.03
2005-11-25,11.24
2005-11-28,11.99
2005-11-29,11.96
2005-11-30,12.13
2005-12-01,12.23
2005-12-02,11.23
2005-12-05,11.68
2005-12-06,11.59
2005-12-07,12.44
2005-12-08,12.41
2005-12-09,12.2
2005-12-12,11.81
2005-12-13,11.42
2005-12-14,10.79
2005-12-15,11.11
2005-12-16,10.75
2005-12-19,11.38
2005-12-20,11.45
2005-12-21,11.07
2005-12-22,10.89
2005-12-23,10.48
2005-12-27,11.65
2005-12-28,11.64
2005-12-29,11.67
2005-12-30,12.07
2006-01-03,12.51
2006-01-04,11.71
2006-01-05,11.84
2006-01-06,11.5
2006-01-09,11.35
2006-01-10,11.39
2006-01-11,11.16
2006-01-12,11.38
2006-01-13,11.61
2006-01-17,12.46
2006-01-18,12.7
2006-01-19,12.34
2006-01-20,14.56
2006-01-23,14.48
2006-01-24,13.83
2006-01-25,13.38
2006-01-26,12.91
2006-01-27,12.33
2006-01-30,12.46
2006-01-31,13.06
2006-02-01,13.03
2006-02-02,13.47
2006-02-03,13.7
2006-02-06,13.43
2006-02-07,13.67
2006-02-08,13.61
2006-02-09,13.15
2006-02-10,13.73
2006-02-13,13.7
2006-02-14,13.15
2006-02-15,12.95
2006-02-16,12.29
2006-02-17,12.21
2006-02-21,12.64
2006-02-22,12.3
2006-02-23,11.97
2006-02-24,12.06
2006-02-27,11.83
2006-02-28,12.36
2006-03-01,12.07
2006-03-02,11.95
2006-03-03,12.1
2006-03-06,12.91
2006-03-07,13.34
2006-03-08,13.34
2006-03-09,12.69
2006-03-10,12.6
2006-03-13,11.75
2006-03-14,11.72
2006-03-15,11.54
2006-03-16,12.05
2006-03-17,12.2
2006-03-20,12.21
2006-03-21,11.89
2006-03-22,11.79
2006-03-23,11.57
2006-03-24,11.48
2006-03-27,11.72
2006-03-28,11.9
2006-03-29,11.57
2006-03-30,11.73
2006-03-31,11.65
2006-04-03,11.62
2006-04-04,11.8
2006-04-05,11.36
2006-04-06,11.74
2006-04-07,12.31
2006-04-10,12.49
2006-04-11,13.06
2006-04-12,13.09
2006-04-13,13
2006-04-17,13.02
2006-04-18,12.55
2006-04-19,11.8
2006-04-20,11.67
2006-04-21,11.98
2006-04-24,12.42
2006-04-25,12.19
2006-04-26,11.79
2006-04-27,12.52
2006-04-28,12.13
2006-05-01,12.59
2006-05-02,12.27
2006-05-03,12.45
2006-05-04,12.16
2006-05-05,11.62
2006-05-08,12.06
2006-05-09,12.15
2006-05-10,12.32
2006-05-11,12.92
2006-05-12,14.26
2006-05-15,15.13
2006-05-16,13.61
2006-05-17,16.26
2006-05-18,17.09
2006-05-19,18.01
2006-05-22,19.62
2006-05-23,18.26
2006-05-24,19.87
2006-05-25,16.67
2006-05-26,15.04
2006-05-30,18.72
2006-05-31,18.09
2006-06-01,16.56
2006-06-02,14.97
2006-06-05,17.14
2006-06-06,18.56
2006-06-07,17.86
2006-06-08,20.75
2006-06-09,18.45
2006-06-12,21.25
2006-06-13,23.81
2006-06-14,23.49
2006-06-15,21.14
2006-06-16,18.13
2006-06-19,18.1
2006-06-20,17.65
2006-06-21,16.72
2006-06-22,16.66
2006-06-23,16.58
2006-06-26,16.61
2006-06-27,16.55
2006-06-28,17
2006-06-29,15.3
2006-06-30,13.47
2006-07-03,13.51
2006-07-05,14.77
2006-07-06,14.04
2006-07-07,14.45
2006-07-10,14.5
2006-07-11,14.68
2006-07-12,14.85
2006-07-13,17.83
2006-07-14,18.79
2006-07-17,18.76
2006-07-18,19.58
2006-07-19,17.62
2006-07-20,16.37
2006-07-21,17.56
2006-07-24,17.08
2006-07-25,15.68
2006-07-26,15.21
2006-07-27,15.39
2006-07-28,14.75
2006-07-31,15.13
2006-08-01,16.15
2006-08-02,14.93
2006-08-03,15.19
2006-08-04,14.91
2006-08-07,15.53
2006-08-08,15.55
2006-08-09,15.41
2006-08-10,15.73
2006-08-11,14.85
2006-08-14,14.43
2006-08-15,13.72
2006-08-16,12.95
2006-08-17,12.72
2006-08-18,12.52
2006-08-21,12.62
2006-08-22,12.42
2006-08-23,12.73
2006-08-24,12.58
2006-08-25,12.47
2006-08-28,12.92
2006-08-29,12.83
2006-08-30,12.35
2006-08-31,12.33
2006-09-01,12.33
2006-09-05,12.86
2006-09-06,13.88
2006-09-07,14.49
2006-09-08,13.8
2006-09-11,13.95
2006-09-12,13.14
2006-09-13,11.56
2006-09-14,12.02
2006-09-15,12.54
2006-09-18,12.41
2006-09-19,12.69
2006-09-20,11.75
2006-09-21,12.6
2006-09-22,13.28
2006-09-25,13.41
2006-09-26,12.23
2006-09-27,11.9
2006-09-28,12.06
2006-09-29,12.1
2006-10-02,12.72
2006-10-03,12.91
2006-10-04,12.64
2006-10-05,12.06
2006-10-06,12.17
2006-10-09,12.09
2006-10-10,11.89
2006-10-11,12.03
2006-10-12,11.51
2006-10-13,11.35
2006-10-16,11.2
2006-10-17,12.03
2006-10-18,11.83
2006-10-19,11.57
2006-10-20,11.23
2006-10-23,11.25
2006-10-24,11.27
2006-10-25,10.88
2006-10-26,10.96
2006-10-27,10.99
2006-10-30,11.43
2006-10-31,11.39
2006-11-01,11.68
2006-11-02,11.76
2006-11-03,11.43
2006-11-06,11.41
2006-11-07,11.19
2006-11-08,11.49
2006-11-09,11.07
2006-11-10,11.12
2006-11-13,11.26
2006-11-14,11.31
2006-11-15,10.61
2006-11-16,10.35
2006-11-17,10.48
2006-11-20,10.48
2006-11-21,10.06
2006-11-22,10.15
2006-11-24,10.86
2006-11-27,12.33
2006-11-28,12.55
2006-11-29,11.43
2006-11-30,11.3
2006-12-01,12.28
2006-12-04,12.01
2006-12-05,11.59
2006-12-06,11.55
2006-12-07,12.68
2006-12-08,12.67
2006-12-11,11.93
2006-12-12,11.39
2006-12-13,10.58
2006-12-14,10.75
2006-12-15,10.07
2006-12-18,10.91
2006-12-19,11.31
2006-12-20,10.33
2006-12-21,10.89
2006-12-22,11.46
2006-12-26,12.03
2006-12-27,11.12
2006-12-28,11.06
2006-12-29,11.65
2007-01-03,12.75
2007-01-04,12.42
2007-01-05,12.25
2007-01-08,12.83
2007-01-09,12.47
2007-01-10,12.5
2007-01-11,11.48
2007-01-12,10.93
2007-01-16,10.89
2007-01-17,10.9
2007-01-18,11.04
2007-01-19,11.03
2007-01-22,11.08
2007-01-23,10.94
2007-01-24,10.41
2007-01-25,11.38
2007-01-26,11.6
2007-01-29,11.6
2007-01-30,11.49
2007-01-31,11.26
2007-02-01,10.43
2007-02-02,10.36
2007-02-05,10.7
2007-02-06,10.88
2007-02-07,10.56
2007-02-08,10.91
2007-02-09,11.56
2007-02-12,11.88
2007-02-13,11.42
2007-02-14,10.26
2007-02-15,10.32
2007-02-16,10.44
2007-02-20,10.72
2007-02-21,10.53
2007-02-22,10.52
2007-02-23,10.7
2007-02-26,11.44
2007-02-27,19.01
2007-02-28,17.29
2007-03-01,19.4
2007-03-02,18.63
2007-03-05,20.41
2007-03-06,18.34
2007-03-07,16.27
2007-03-08,14.7
2007-03-09,14.62
2007-03-12,14.96
2007-03-13,18.42
2007-03-14,21.25
2007-03-15,16.91
2007-03-16,17.71
2007-03-19,15.82
2007-03-20,15.16
2007-03-21,13.67
2007-03-22,12.95
2007-03-23,13.18
2007-03-26,14.7
2007-03-27,13.9
2007-03-28,15.51
2007-03-29,16.05
2007-03-30,15.82
2007-04-02,15.46
2007-04-03,14.06
2007-04-04,13.91
2007-04-05,13.66
2007-04-09,13.56
2007-04-10,13.33
2007-04-11,14.08
2007-04-12,14.15
2007-04-13,13
2007-04-16,12.1
2007-04-17,12.17
2007-04-18,12.57
2007-04-19,13.27
2007-04-20,12.67
2007-04-23,13.08
2007-04-24,13.89
2007-04-25,13.23
2007-04-26,13.67
2007-04-27,13.26
2007-04-30,14.31
2007-05-01,14.6
2007-05-02,13.52
2007-05-03,13.36
2007-05-04,13.36
2007-05-07,13.37
2007-05-08,13.69
2007-05-09,13.5
2007-05-10,13.85
2007-05-11,13.47
2007-05-14,14.43
2007-05-15,14.3
2007-05-16,14.18
2007-05-17,13.82
2007-05-18,13.22
2007-05-21,13.3
2007-05-22,13.38
2007-05-23,13.28
2007-05-24,14.36
2007-05-25,13.87
2007-05-29,13.95
2007-05-30,14.29
2007-05-31,13.18
2007-06-01,13.01
2007-06-04,13.54
2007-06-05,14.17
2007-06-06,15.06
2007-06-07,17.09
2007-06-08,16.78
2007-06-11,15.47
2007-06-12,16.7
2007-06-13,16.1
2007-06-14,14.82
2007-06-15,13.97
2007-06-18,14.51
2007-06-19,13.8
2007-06-20,14.76
2007-06-21,15.56
2007-06-22,16.58
2007-06-25,17.24
2007-06-26,18.89
2007-06-27,18.98
2007-06-28,15.71
2007-06-29,17.13
2007-07-02,16.48
2007-07-03,15.3
2007-07-05,15.95
2007-07-06,15.59
2007-07-09,15.69
2007-07-10,17.68
2007-07-11,17.91
2007-07-12,16.39
2007-07-13,15.51
2007-07-16,15.83
2007-07-17,15.78
2007-07-18,17.06
2007-07-19,15.62
2007-07-20,18.53
2007-07-23,17.09
2007-07-24,19.09
2007-07-25,19.46
2007-07-26,23.36
2007-07-27,24.17
2007-07-30,23.64
2007-07-31,23.93
2007-08-01,26.22
2007-08-02,23
2007-08-03,25.55
2007-08-06,26.47
2007-08-07,23.74
2007-08-08,22.95
2007-08-09,26.9
2007-08-10,29.84
2007-08-13,28.02
2007-08-14,28.29
2007-08-15,31.76
2007-08-16,37.5
2007-08-17,31.46
2007-08-20,29.95
2007-08-21,26.72
2007-08-22,24.44
2007-08-23,23.61
2007-08-24,23.03
2007-08-27,22.83
2007-08-28,26.57
2007-08-29,26.02
2007-08-30,25.58
2007-08-31,24.07
2007-09-04,24.81
2007-09-05,25.45
2007-09-06,25.14
2007-09-07,26.97
2007-09-10,28.82
2007-09-11,27.21
2007-09-12,26.21
2007-09-13,25.32
2007-09-14,26.48
2007-09-17,27.08
2007-09-18,26.23
2007-09-19,20.57
2007-09-20,20.82
2007-09-21,19.81
2007-09-24,19.62
2007-09-25,20.46
2007-09-26,18.18
2007-09-27,17.47
2007-09-28,18.22
2007-10-01,18.44
2007-10-02,18.89
2007-10-03,18.99
2007-10-04,18.65
2007-10-05,17.56
2007-10-08,17.83
2007-10-09,17.28
2007-10-10,17.35
2007-10-11,19.73
2007-10-12,18.74
2007-10-15,20.01
2007-10-16,20.75
2007-10-17,20.11
2007-10-18,19.56
2007-10-19,22.96
2007-10-22,23.94
2007-10-23,21.43
2007-10-24,24.15
2007-10-25,22.4
2007-10-26,20.97
2007-10-29,20.24
2007-10-30,21.15
2007-10-31,22.09
2007-11-01,24.15
2007-11-02,25.17
2007-11-05,25.46
2007-11-06,23.74
2007-11-07,26.85
2007-11-08,29.15
2007-11-09,28.84
2007-11-12,31.09
2007-11-13,27.5
2007-11-14,27.03
2007-11-15,29.31
2007-11-16,28.12
2007-11-19,27.18
2007-11-20,27.35
2007-11-21,27.77
2007-11-23,26.42
2007-11-26,28.95
2007-11-27,28.24
2007-11-28,25.14
2007-11-29,24.61
2007-11-30,23.39
2007-12-03,24.49
2007-12-04,24.59
2007-12-05,23.03
2007-12-06,22.75
2007-12-07,21.01
2007-12-10,21.46
2007-12-11,23.7
2007-12-12,24.22
2007-12-13,24.04
2007-12-14,23.53
2007-12-17,24.86
2007-12-18,24.6
2007-12-19,22.68
2007-12-20,21.67
2007-12-21,19.82
2007-12-24,19.42
2007-12-26,19.47
2007-12-27,20.51
2007-12-28,21.05
2007-12-31,22.75
2008-01-02,24.05
2008-01-03,23.27
2008-01-04,24.3
2008-01-07,24.88
2008-01-08,25.6
2008-01-09,25.95
2008-01-10,24.61
2008-01-11,24.41
2008-01-14,23.93
2008-01-15,24.59
2008-01-16,24.38
2008-01-17,28.51
2008-01-18,29.3
2008-01-22,37.57
2008-01-23,34.42
2008-01-24,28.48
2008-01-25,29.76
2008-01-28,30.26
2008-01-29,27.96
2008-01-30,28.34
2008-01-31,28.81
2008-02-01,25.75
2008-02-04,26.03
2008-02-05,28.49
2008-02-06,29.31
2008-02-07,29.7
2008-02-08,28.89
2008-02-11,29.57
2008-02-12,27.17
2008-02-13,26.06
2008-02-14,25.64
2008-02-15,25.67
2008-02-19,26.59
2008-02-20,26.95
2008-02-21,25.45
2008-02-22,25.93
2008-02-25,25.07
2008-02-26,23.45
2008-02-27,23.01
2008-02-28,23.79
2008-02-29,26.91
2008-03-03,28.13
2008-03-04,27.42
2008-03-05,25.77
2008-03-06,27.9
2008-03-07,29.29
2008-03-10,29.73
2008-03-11,28.64
2008-03-12,27.25
2008-03-13,29.62
2008-03-14,32.89
2008-03-17,35.6
2008-03-18,32.24
2008-03-19,29.95
2008-03-20,29.84
2008-03-24,27.04
2008-03-25,26.42
2008-03-26,26.85
2008-03-27,25.98
2008-03-28,25.96
2008-03-31,26.77
2008-04-01,25.61
2008-04-02,23.65
2008-04-03,24.15
2008-04-04,23.31
2008-04-07,22.73
2008-04-08,23.16
2008-04-09,23.57
2008-04-10,23.22
2008-04-11,23.59
2008-04-14,24.35
2008-04-15,23.99
2008-04-16,22.09
2008-04-17,21.54
2008-04-18,20.37
2008-04-21,21.12
2008-04-22,21.6
2008-04-23,20.95
2008-04-24,20.77
2008-04-25,20.36
2008-04-28,20.25
2008-04-29,20.54
2008-04-30,20.81
2008-05-01,20.83
2008-05-02,19.11
2008-05-05,19.29
2008-05-06,19.57
2008-05-07,19.98
2008-05-08,19.92
2008-05-09,20.01
2008-05-12,19.48
2008-05-13,18.63
2008-05-14,17.98
2008-05-15,17.84
2008-05-16,17.92
2008-05-19,17.89
2008-05-20,18.42
2008-05-21,18.89
2008-05-22,19.11
2008-05-23,19.8
2008-05-27,20.95
2008-05-28,20.03
2008-05-29,19.17
2008-05-30,18.21
2008-06-02,20.45
2008-06-03,21
2008-06-04,21.31
2008-06-05,20.59
2008-06-06,23.79
2008-06-09,24.47
2008-06-10,24.42
2008-06-11,24.3
2008-06-12,23.98
2008-06-13,23.14
2008-06-16,22.84
2008-06-17,21.42
2008-06-18,22.86
2008-06-19,22.61
2008-06-20,23.7
2008-06-23,23.14
2008-06-24,23.48
2008-06-25,22.42
2008-06-26,23.99
2008-06-27,24.56
2008-06-30,24.26
2008-07-01,25.57
2008-07-02,25.96
2008-07-03,26.08
2008-07-07,26.91
2008-07-08,26.05
2008-07-09,25.39
2008-07-10,26.62
2008-07-11,29.44
2008-07-14,29.3
2008-07-15,30.81
2008-07-16,28.32
2008-07-17,25.5
2008-07-18,25.19
2008-07-21,24.58
2008-07-22,24.08
2008-07-23,22.08
2008-07-24,23.61
2008-07-25,23.45
2008-07-28,24.62
2008-07-29,24.22
2008-07-30,22.31
2008-07-31,22.96
2008-08-01,23.37
2008-08-04,23.86
2008-08-05,22.99
2008-08-06,21.66
2008-08-07,21.46
2008-08-08,21.69
2008-08-11,20.96
2008-08-12,21.51
2008-08-13,22.11
2008-08-14,22.3
2008-08-15,20.65
2008-08-18,21.44
2008-08-19,22.14
2008-08-20,21.67
2008-08-21,21.08
2008-08-22,19.83
2008-08-25,21.22
2008-08-26,21.27
2008-08-27,20.67
2008-08-28,19.66
2008-08-29,20.71
2008-09-02,22.3
2008-09-03,22.3
2008-09-04,24.15
2008-09-05,24.71
2008-09-08,24.06
2008-09-09,25.68
2008-09-10,25.48
2008-09-11,26.25
2008-09-12,26.67
2008-09-15,31.87
2008-09-16,33.7
2008-09-17,36.4
2008-09-18,42.16
2008-09-19,33.08
2008-09-22,34.22
2008-09-23,36.08
2008-09-24,36.71
2008-09-25,35.19
2008-09-26,36.4
2008-09-29,48.4
2008-09-30,43.8
2008-10-01,42.38
2008-10-02,46.48
2008-10-03,45.52
2008-10-06,58.24
2008-10-07,54.19
2008-10-08,59.06
2008-10-09,64.92
2008-10-10,76.94
2008-10-13,71.42
2008-10-14,59.81
2008-10-15,69.47
2008-10-16,81.17
2008-10-17,74.48
2008-10-20,70.4
2008-10-21,56.37
2008-10-22,72.56
2008-10-23,79.43
2008-10-24,89.53
2008-10-27,81.65
2008-10-28,78.98
2008-10-29,71.14
2008-10-30,69.83
2008-10-31,65.85
2008-11-03,60.77
2008-11-04,53.68
2008-11-05,55.62
2008-11-06,64.78
2008-11-07,63.68
2008-11-10,62.09
2008-11-11,64.73
2008-11-12,67.19
2008-11-13,69.99
2008-11-14,66.31
2008-11-17,69.59
2008-11-18,73.13
2008-11-19,75
2008-11-20,81.48
2008-11-21,80.74
2008-11-24,71.35
2008-11-25,65.49
2008-11-26,62.5
2008-11-28,56.82
2008-12-01,68.6
2008-12-02,67.01
2008-12-03,65.37
2008-12-04,65.08
2008-12-05,66.54
2008-12-08,59.87
2008-12-09,59.57
2008-12-10,58.91
2008-12-11,56.44
2008-12-12,58.84
2008-12-15,58.49
2008-12-16,56.76
2008-12-17,52.19
2008-12-18,49.84
2008-12-19,46.01
2008-12-22,46.69
2008-12-23,45.39
2008-12-24,45.02
2008-12-26,44.36
2008-12-29,46.24
2008-12-30,44.29
2008-12-31,41.63
2009-01-02,39.82
2009-01-05,40.22
2009-01-06,39.33
2009-01-07,43.82
2009-01-08,44.6
2009-01-09,43.13
2009-01-12,46.62
2009-01-13,47.08
2009-01-14,51.55
2009-01-15,55.16
2009-01-16,51
2009-01-20,57.36
2009-01-21,54.12
2009-01-22,51.76
2009-01-23,51.11
2009-01-26,47.93
2009-01-27,45.93
2009-01-28,42.25
2009-01-29,43.03
2009-01-30,45.53
2009-02-02,49.54
2009-02-03,45.52
2009-02-04,44.52
2009-02-05,46.23
2009-02-06,43.71
2009-02-09,45.45
2009-02-10,48.12
2009-02-11,46.67
2009-02-12,47.58
2009-02-13,43.02
2009-02-17,51.18
2009-02-18,50.29
2009-02-19,48.54
2009-02-20,52.04
2009-02-23,53.16
2009-02-24,52.56
2009-02-25,47.23
2009-02-26,45.33
2009-02-27,47.34
2009-03-02,53.25
2009-03-03,52.76
2009-03-04,48.83
2009-03-05,51.95
2009-03-06,51.95
2009-03-09,51.34
2009-03-10,49.68
2009-03-11,44.26
2009-03-12,43.98
2009-03-13,43.52
2009-03-16,44.23
2009-03-17,44.59
2009-03-18,42.39
2009-03-19,44.17
2009-03-20,47.63
2009-03-23,45.89
2009-03-24,44
2009-03-25,44.2
2009-03-26,42.25
2009-03-27,42.13
2009-03-30,46.28
2009-03-31,45.54
2009-04-01,45.6
2009-04-02,42.68
2009-04-03,42.03
2009-04-06,43.02
2009-04-07,42.5
2009-04-08,40.86
2009-04-09,37.74
2009-04-13,38.91
2009-04-14,38.5
2009-04-15,38.06
2009-04-16,36.8
2009-04-17,35.52
2009-04-20,39.58
2009-04-21,40.29
2009-04-22,38.19
2009-04-23,38.52
2009-04-24,37.53
2009-04-27,39.52
2009-04-28,39.64
2009-04-29,37.95
2009-04-30,36.71
2009-05-01,36.88
2009-05-04,36.24
2009-05-05,35.14
2009-05-06,33.7
2009-05-07,34.56
2009-05-08,32.72
2009-05-11,34.08
2009-05-12,33.29
2009-05-13,33.99
2009-05-14,33.96
2009-05-15,33.61
2009-05-18,32.91
2009-05-19,30.32
2009-05-20,29.16
2009-05-21,32.77
2009-05-22,32.71
2009-05-26,34.57
2009-05-27,32.53
2009-05-28,33.32
2009-05-29,31.67
2009-06-01,30.05
2009-06-02,30.13
2009-06-03,31.79
2009-06-04,31.02
2009-06-05,30.81
2009-06-08,31.82
2009-06-09,29.77
2009-06-10,29.74
2009-06-11,28.11
2009-06-12,28.5
2009-06-15,31.09
2009-06-16,32.75
2009-06-17,32.77
2009-06-18,31.54
2009-06-19,29.32
2009-06-22,32.05
2009-06-23,31.54
2009-06-24,30.58
2009-06-25,29.56
2009-06-26,27.22
2009-06-29,27.18
2009-06-30,27.38
2009-07-01,26.31
2009-07-02,28.62
2009-07-06,30.6
2009-07-07,30.94
2009-07-08,33.05
2009-07-09,30.49
2009-07-10,30.34
2009-07-13,29.24
2009-07-14,26.84
2009-07-15,26.06
2009-07-16,26.18
2009-07-17,25.55
2009-07-20,25.42
2009-07-21,25.14
2009-07-22,24.14
2009-07-23,24.05
2009-07-24,23.87
2009-07-27,24.86
2009-07-28,25.61
2009-07-29,26.18
2009-07-30,25.76
2009-07-31,26.22
2009-08-03,26.49
2009-08-04,26.16
2009-08-05,25.85
2009-08-06,26.15
2009-08-07,24.95
2009-08-10,25.82
2009-08-11,26.98
2009-08-12,26.5
2009-08-13,26.15
2009-08-14,25.94
2009-08-17,28.39
2009-08-18,27.89
2009-08-19,28.14
2009-08-20,26.45
2009-08-21,25.06
2009-08-24,25.7
2009-08-25,25.13
2009-08-26,25.56
2009-08-27,25.89
2009-08-28,25.5
2009-08-31,27.01
2009-09-01,29.23
2009-09-02,29.57
2009-09-03,28.9
2009-09-04,26.98
2009-09-08,26.15
2009-09-09,25.93
2009-09-10,24.76
2009-09-11,24.33
2009-09-14,25.39
2009-09-15,24.27
2009-09-16,23.92
2009-09-17,24.07
2009-09-18,24.43
2009-09-21,25.51
2009-09-22,23.98
2009-09-23,23.69
2009-09-24,25.37
2009-09-25,26.34
2009-09-28,26.4
2009-09-29,25.28
2009-09-30,26.45
2009-10-01,28.42
2009-10-02,29.56
2009-10-05,29.34
2009-10-06,26.41
2009-10-07,25.82
2009-10-08,24.69
2009-10-09,24.54
2009-10-12,23.53
2009-10-13,24.07
2009-10-14,22.89
2009-10-15,23.53
2009-10-16,22.6
2009-10-19,22.46
2009-10-20,21.76
2009-10-21,22.48
2009-10-22,22.77
2009-10-23,22.59
2009-10-26,24.86
2009-10-27,25.22
2009-10-28,27.94
2009-10-29,27.19
2009-10-30,31.59
2009-11-02,31.84
2009-11-03,30.8
2009-11-04,28.81
2009-11-05,27.39
2009-11-06,26.17
2009-11-09,24.24
2009-11-10,23.53
2009-11-11,23.68
2009-11-12,24.61
2009-11-13,24.43
2009-11-16,23.42
2009-11-17,23.33
2009-11-18,22.65
2009-11-19,24.2
2009-11-20,23.45
2009-11-23,21.98
2009-11-24,21.87
2009-11-25,20.57
2009-11-27,25.93
2009-11-30,25.57
2009-12-01,24.51
2009-12-02,22.19
2009-12-03,22.5
2009-12-04,22.76
2009-12-07,22.46
2009-12-08,23.97
2009-12-09,24.2
2009-12-10,22.66
2009-12-11,22.31
2009-12-14,21.59
2009-12-15,21.87
2009-12-16,21.2
2009-12-17,22.86
2009-12-18,23.02
2009-12-21,21.51
2009-12-22,20.4
2009-12-23,19.97
2009-12-24,19.67
2009-12-28,20.53
2009-12-29,20.12
2009-12-30,20.44
2009-12-31,21.83
2010-01-04,21.68
2010-01-05,20.13
2010-01-06,19.68
2010-01-07,19.71
2010-01-08,19.27
2010-01-11,17.74
2010-01-12,19.46
2010-01-13,18.72
2010-01-14,18.27
2010-01-15,19.02
2010-01-19,18.85
2010-01-20,19.69
2010-01-21,22.3
2010-01-22,28.01
2010-01-25,27.32
2010-01-26,26.22
2010-01-27,25.69
2010-01-28,25.3
2010-01-29,25.03
2010-02-01,24.33
2010-02-02,22.99
2010-02-03,22.11
2010-02-04,26.32
2010-02-05,29.22
2010-02-08,27.11
2010-02-09,26.56
2010-02-10,26.77
2010-02-11,26.11
2010-02-12,25.54
2010-02-16,23.57
2010-02-17,22.6
2010-02-18,22.21
2010-02-19,21.14
2010-02-22,21
2010-02-23,21.94
2010-02-24,21.58
2010-02-25,22.68
2010-02-26,20.53
2010-03-01,19.94
2010-03-02,19.36
2010-03-03,19.3
2010-03-04,19.27
2010-03-05,18.15
2010-03-08,17.96
2010-03-09,18.19
2010-03-10,18.6
2010-03-11,19.34
2010-03-12,18.53
2010-03-15,18.78
2010-03-16,18.01
2010-03-17,17.17
2010-03-18,16.99
2010-03-19,17.57
2010-03-22,18.34
2010-03-23,17.09
2010-03-24,17.92
2010-03-25,18.54
2010-03-26,18.69
2010-03-29,18.28
2010-03-30,18.08
2010-03-31,17.92
2010-04-01,18.09
2010-04-05,18.16
2010-04-06,17.54
2010-04-07,17.21
2010-04-08,17.8
2010-04-09,16.65
2010-04-12,16
2010-04-13,16.77
2010-04-14,16.38
2010-04-15,16.5
2010-04-16,19.7
2010-04-19,19.55
2010-04-20,16.89
2010-04-21,16.85
2010-04-22,18.19
2010-04-23,16.71
2010-04-26,17.53
2010-04-27,23.2
2010-04-28,23.03
2010-04-29,20.37
2010-04-30,22.39
2010-05-03,22.41
2010-05-04,25.7
2010-05-05,27.23
2010-05-06,40.71
2010-05-07,42.15
2010-05-10,30.89
2010-05-11,31.04
2010-05-12,26.67
2010-05-13,26.85
2010-05-14,33.24
2010-05-17,35.25
2010-05-18,34.17
2010-05-19,38.42
2010-05-20,46.37
2010-05-21,48.2
2010-05-24,41.74
2010-05-25,43.74
2010-05-26,35.02
2010-05-27,31.03
2010-05-28,33.3
2010-06-01,35.68
2010-06-02,34.57
2010-06-03,31.2
2010-06-04,36.12
2010-06-07,36.8
2010-06-08,37.38
2010-06-09,34.12
2010-06-10,31.77
2010-06-11,31.79
2010-06-14,28.72
2010-06-15,27.84
2010-06-16,26.72
2010-06-17,26.64
2010-06-18,24.88
2010-06-21,25.64
2010-06-22,27.05
2010-06-23,28.55
2010-06-24,30.27
2010-06-25,30.41
2010-06-28,29.9
2010-06-29,35.39
2010-06-30,34.63
2010-07-01,37.58
2010-07-02,31.88
2010-07-06,31.15
2010-07-07,29.56
2010-07-08,27.42
2010-07-09,25.67
2010-07-12,25.14
2010-07-13,24.57
2010-07-14,25.8
2010-07-15,27.24
2010-07-16,28.16
2010-07-19,27.3
2010-07-20,27.4
2010-07-21,26.63
2010-07-22,24.85
2010-07-23,25.17
2010-07-26,24.61
2010-07-27,23.57
2010-07-28,24.54
2010-07-29,25.54
2010-07-30,27.32
2010-08-02,23.24
2010-08-03,23.06
2010-08-04,23.69
2010-08-05,23.13
2010-08-06,23.89
2010-08-09,22.87
2010-08-10,24.24
2010-08-11,26.1
2010-08-12,27.21
2010-08-13,26.26
2010-08-16,28.1
2010-08-17,24.89
2010-08-18,25.23
2010-08-19,26.78
2010-08-20,27
2010-08-23,25.97
2010-08-24,28.77
2010-08-25,28.92
2010-08-26,27.55
2010-08-27,28.11
2010-08-30,27.21
2010-08-31,27.83
2010-09-01,25.13
2010-09-02,24.31
2010-09-03,22.78
2010-09-07,23.94
2010-09-08,23.56
2010-09-09,23.24
2010-09-10,22.87
2010-09-13,22.05
2010-09-14,21.97
2010-09-15,22.8
2010-09-16,22.83
2010-09-17,22.56
2010-09-20,22.58
2010-09-21,22.59
2010-09-22,23.19
2010-09-23,24.06
2010-09-24,22.61
2010-09-27,22.75
2010-09-28,24.28
2010-09-29,23.45
2010-09-30,24.52
2010-10-01,23.67
2010-10-04,24.34
2010-10-05,23.08
2010-10-06,22.13
2010-10-07,22.16
2010-10-08,21.64
2010-10-11,19.51
2010-10-12,20.1
2010-10-13,19.16
2010-10-14,21.02
2010-10-15,21.59
2010-10-18,20.71
2010-10-19,21.35
2010-10-20,21.2
2010-10-21,20.53
2010-10-22,19.36
2010-10-25,19.88
2010-10-26,21.01
2010-10-27,22.37
2010-10-28,21.41
2010-10-29,21.4
2010-11-01,22.54
2010-11-02,21.82
2010-11-03,22.02
2010-11-04,18.8
2010-11-05,18.44
2010-11-08,19.35
2010-11-09,19.39
2010-11-10,19.96
2010-11-11,19.75
2010-11-12,21.23
2010-11-15,20.37
2010-11-16,23.07
2010-11-17,22.21
2010-11-18,20.31
2010-11-19,19.72
2010-11-22,20.14
2010-11-23,21.45
2010-11-24,19.61
2010-11-26,22.22
2010-11-29,23.84
2010-11-30,23.79
2010-12-01,21.43
2010-12-02,21.13
2010-12-03,19.28
2010-12-06,18.85
2010-12-07,18.15
2010-12-08,18.32
2010-12-09,17.84
2010-12-10,17.63
2010-12-13,17.67
2010-12-14,17.95
2010-12-15,18.14
2010-12-16,18.27
2010-12-17,17.64
2010-12-20,16.86
2010-12-21,16.62
2010-12-22,16.56
2010-12-23,16.86
2010-12-27,18.32
2010-12-28,17.99
2010-12-29,17.49
2010-12-30,17.89
2010-12-31,18.13
2011-01-03,17.95
2011-01-04,18.24
2011-01-05,17.95
2011-01-06,17.56
2011-01-07,18.07
2011-01-10,18.63
2011-01-11,17.35
2011-01-12,16.5
2011-01-13,16.78
2011-01-14,16.71
2011-01-18,16.2
2011-01-19,17.67
2011-01-20,18.85
2011-01-21,18.61
2011-01-24,18.93
2011-01-25,18.55
2011-01-26,17.42
2011-01-27,16.89
2011-01-28,20.08
2011-01-31,19.96
2011-02-01,18.63
2011-02-02,17.84
2011-02-03,17.8
2011-02-04,16.74
2011-02-07,16.54
2011-02-08,16.6
2011-02-09,16.52
2011-02-10,17.07
2011-02-11,16.53
2011-02-14,16.26
2011-02-15,16.75
2011-02-16,16.74
2011-02-17,17.3
2011-02-18,16.91
2011-02-22,21.45
2011-02-23,23.22
2011-02-24,22.71
2011-02-25,20.44
2011-02-28,19.27
2011-03-01,21.01
2011-03-02,21.14
2011-03-03,19.27
2011-03-04,20.33
2011-03-07,21.77
2011-03-08,21.06
2011-03-09,20.96
2011-03-10,22.25
2011-03-11,21.75
2011-03-14,22.74
2011-03-15,25.72
2011-03-16,31.28
2011-03-17,27.54
2011-03-18,24.85
2011-03-21,22.16
2011-03-22,20.59
2011-03-23,21.05
2011-03-24,18.99
2011-03-25,18.08
2011-03-28,19.44
2011-03-29,19.78
2011-03-30,17.89
2011-03-31,17.95
2011-04-01,17.62
2011-04-04,17.85
2011-04-05,17.87
2011-04-06,17.15
2011-04-07,17.77
2011-04-08,18.33
2011-04-11,17.05
2011-04-12,18.46
2011-04-13,17.38
2011-04-14,18.08
2011-04-15,15.98
2011-04-18,19.07
2011-04-19,16.72
2011-04-20,15.39
2011-04-21,15.23
2011-04-25,16.06
2011-04-26,15.66
2011-04-27,16.42
2011-04-28,15.54
2011-04-29,14.99
2011-05-02,16.13
2011-05-03,17.29
2011-05-04,17.72
2011-05-05,19.11
2011-05-06,19.29
2011-05-09,18.59
2011-05-10,16.9
2011-05-11,17.49
2011-05-12,17.89
2011-05-13,17.56
2011-05-16,18.25
2011-05-17,19.09
2011-05-18,17.68
2011-05-19,16.56
2011-05-20,17.43
2011-05-23,20.03
2011-05-24,18.19
2011-05-25,18.26
2011-05-26,17.46
2011-05-27,16.27
2011-05-31,16.5
2011-06-01,18.48
2011-06-02,18.72
2011-06-03,19.87
2011-06-06,18.65
2011-06-07,18.48
2011-06-08,18.83
2011-06-09,18.31
2011-06-10,19.16
2011-06-13,20.02
2011-06-14,18.56
2011-06-15,21.66
2011-06-16,24.65
2011-06-17,22.39
2011-06-20,23.08
2011-06-21,19.46
2011-06-22,18.9
2011-06-23,21.5
2011-06-24,21.28
2011-06-27,21.82
2011-06-28,20.45
2011-06-29,18.83
2011-06-30,16.77
2011-07-01,16.29
2011-07-05,16.5
2011-07-06,17.08
2011-07-07,16.13
2011-07-08,17.14
2011-07-11,19.06
2011-07-12,20.13
2011-07-13,20.16
2011-07-14,21.58
2011-07-15,21.68
2011-07-18,21.93
2011-07-19,20.43
2011-07-20,19.65
2011-07-21,18.63
2011-07-22,17.95
2011-07-25,19.5
2011-07-26,20.5
2011-07-27,23.2
2011-07-28,23.99
2011-07-29,25.94
2011-08-01,25.63
2011-08-02,24.79
2011-08-03,25.23
2011-08-04,32.07
2011-08-05,39.25
2011-08-08,48
2011-08-09,47.56
2011-08-10,44.41
2011-08-11,42.88
2011-08-12,37.85
2011-08-15,34.83
2011-08-16,34.49
2011-08-17,33.32
2011-08-18,45.28
2011-08-19,45.4
2011-08-22,43.58
2011-08-23,42.54
2011-08-24,37.38
2011-08-25,40.14
2011-08-26,43.84
2011-08-29,33.81
2011-08-30,33.55
2011-08-31,32.53
2011-09-01,32.38
2011-09-02,34.74
2011-09-06,39.86
2011-09-07,34.7
2011-09-08,34.71
2011-09-09,40.74
2011-09-12,43.18
2011-09-13,39.43
2011-09-14,37.76
2011-09-15,33.98
2011-09-16,32.48
2011-09-19,35.33
2011-09-20,33.14
2011-09-21,37.32
2011-09-22,43.87
2011-09-23,42.82
2011-09-26,43.34
2011-09-27,38.57
2011-09-28,41.24
2011-09-29,42
2011-09-30,42.99
2011-10-03,45.55
2011-10-04,46.88
2011-10-05,41.2
2011-10-06,38.74
2011-10-07,37.82
2011-10-10,35.45
2011-10-11,34.24
2011-10-12,31.93
2011-10-13,32.76
2011-10-14,29.96
2011-10-17,33.39
2011-10-18,34.71
2011-10-19,35.47
2011-10-20,36.87
2011-10-21,32.98
2011-10-24,31.7
2011-10-25,32.46
2011-10-26,33.3
2011-10-27,26.46
2011-10-28,26.02
2011-10-31,29.97
2011-11-01,37.53
2011-11-02,34.27
2011-11-03,34.65
2011-11-04,32.56
2011-11-07,32.15
2011-11-08,30.49
2011-11-09,36.43
2011-11-10,35.5
2011-11-11,30.42
2011-11-14,32.85
2011-11-15,32.55
2011-11-16,33.51
2011-11-17,36.46
2011-11-18,33.99
2011-11-21,35.29
2011-11-22,33.39
2011-11-23,34.57
2011-11-25,34.77
2011-11-28,33.11
2011-11-29,32.02
2011-11-30,28.5
2011-12-01,27.89
2011-12-02,27.62
2011-12-05,28.31
2011-12-06,28.13
2011-12-07,29.58
2011-12-08,30.91
2011-12-09,29.61
2011-12-12,27.73
2011-12-13,26.28
2011-12-14,27.55
2011-12-15,25.28
2011-12-16,25.02
2011-12-19,25.38
2011-12-20,23.58
2011-12-21,23.94
2011-12-22,21.33
2011-12-23,21.21
2011-12-27,22.66
2011-12-28,23.56
2011-12-29,23.52
2011-12-30,23.46
2012-01-03,23.1
2012-01-04,23.73
2012-01-05,23.09
2012-01-06,21.72
2012-01-09,21.78
2012-01-10,20.69
2012-01-11,21.22
2012-01-12,22.03
2012-01-13,22.43
2012-01-17,22.25
2012-01-18,23.44
2012-01-19,20.87
2012-01-20,19.94
2012-01-23,19.31
2012-01-24,20
2012-01-25,19.55
2012-01-26,19.17
2012-01-27,19.16
2012-01-30,20.33
2012-01-31,19.84
2012-02-01,18.82
2012-02-02,18.5
2012-02-03,17.32
2012-02-06,18.02
2012-02-07,18.1
2012-02-08,18.46
2012-02-09,18.72
2012-02-10,21.98
2012-02-13,19.68
2012-02-14,20.76
2012-02-15,21.77
2012-02-16,21.76
2012-02-17,18.79
2012-02-21,18.94
2012-02-22,18.94
2012-02-23,18.97
2012-02-24,17.62
2012-02-27,19.25
2012-02-28,18.67
2012-02-29,18.75
2012-03-01,18.03
2012-03-02,17.65
2012-03-05,18.9
2012-03-06,21.24
2012-03-07,20.44
2012-03-08,18.46
2012-03-09,17.54
2012-03-12,16.67
2012-03-13,16.08
2012-03-14,16.19
2012-03-15,16.06
2012-03-16,15.24
2012-03-19,15.43
2012-03-20,15.95
2012-03-21,15.31
2012-03-22,16.58
2012-03-23,16.39
2012-03-26,15.03
2012-03-27,15.59
2012-03-28,17.27
2012-03-29,17.2
2012-03-30,15.98
2012-04-02,16.58
2012-04-03,16.65
2012-04-04,17.74
2012-04-05,17.13
2012-04-09,18.94
2012-04-10,21.06
2012-04-11,20.12
2012-04-12,19.74
2012-04-13,19.62
2012-04-16,20.42
2012-04-17,18.66
2012-04-18,19.17
2012-04-19,19.69
2012-04-20,18.05
2012-04-23,20.27
2012-04-24,19.22
2012-04-25,17.38
2012-04-26,17.04
2012-04-27,16.47
2012-04-30,17.41
2012-05-01,17.49
2012-05-02,17.63
2012-05-03,17.92
2012-05-04,19.28
2012-05-07,19.87
2012-05-08,20.91
2012-05-09,21.59
2012-05-10,19.88
2012-05-11,19.94
2012-05-14,21.87
2012-05-15,22.7
2012-05-16,22.69
2012-05-17,24.51
2012-05-18,25.14
2012-05-21,24.88
2012-05-22,23.19
2012-05-23,24.62
2012-05-24,23.22
2012-05-25,22.29
2012-05-29,22.47
2012-05-30,24.14
2012-05-31,25.46
2012-06-01,26.71
2012-06-04,27.73
2012-06-05,25.9
2012-06-06,23.89
2012-06-07,22.48
2012-06-08,23.1
2012-06-11,23.56
2012-06-12,23.9
2012-06-13,24.93
2012-06-14,24.81
2012-06-15,23.09
2012-06-18,21.98
2012-06-19,18.62
2012-06-20,20.05
2012-06-21,20.48
2012-06-22,19.37
2012-06-25,21.36
2012-06-26,20.57
2012-06-27,20.12
2012-06-28,21.19
2012-06-29,19.71
2012-07-02,18.19
2012-07-03,16.92
2012-07-05,18.22
2012-07-06,18.25
2012-07-09,18.32
2012-07-10,19.19
2012-07-11,19.17
2012-07-12,19.51
2012-07-13,17.82
2012-07-16,17.32
2012-07-17,17.46
2012-07-18,16.81
2012-07-19,16.7
2012-07-20,17.05
2012-07-23,20.49
2012-07-24,21
2012-07-25,20.67
2012-07-26,18.47
2012-07-27,17.3
2012-07-30,18.08
2012-07-31,19.09
2012-08-01,19.18
2012-08-02,19.25
2012-08-03,16.45
2012-08-06,16.27
2012-08-07,16.03
2012-08-08,16.47
2012-08-09,15.67
2012-08-10,15.5
2012-08-13,14.67
2012-08-14,15.06
2012-08-15,14.98
2012-08-16,15.15
2012-08-17,14.3
2012-08-20,14.78
2012-08-21,15.44
2012-08-22,15.52
2012-08-23,16.45
2012-08-24,16
2012-08-27,16.38
2012-08-28,16.92
2012-08-29,17.06
2012-08-30,18.05
2012-08-31,18.04
2012-09-04,18.96
2012-09-05,17.84
2012-09-06,17.3
2012-09-07,15.6
2012-09-10,16.28
2012-09-11,16.41
2012-09-12,16.31
2012-09-13,16.54
2012-09-14,14.71
2012-09-17,14.92
2012-09-18,14.88
2012-09-19,14.08
2012-09-20,14.67
2012-09-21,14.18
2012-09-24,15.06
2012-09-25,15.72
2012-09-26,17.08
2012-09-27,16.5
2012-09-28,15.77
2012-10-01,16.53
2012-10-02,16.5
2012-10-03,16.02
2012-10-04,15.33
2012-10-05,14.78
2012-10-08,15.46
2012-10-09,16.4
2012-10-10,16.79
2012-10-11,15.8
2012-10-12,16.18
2012-10-15,16.21
2012-10-16,15.23
2012-10-17,15.63
2012-10-18,15.5
2012-10-19,17.6
2012-10-22,17.98
2012-10-23,19.65
2012-10-24,18.67
2012-10-25,18.64
2012-10-26,18.64
2012-10-31,18.84
2012-11-01,17.79
2012-11-02,17.6
2012-11-05,18.7
2012-11-06,18.17
2012-11-07,19.4
2012-11-08,18.69
2012-11-09,18.81
2012-11-12,18.15
2012-11-13,17.38
2012-11-14,18.05
2012-11-15,18.64
2012-11-16,18.5
2012-11-19,15.98
2012-11-20,15.65
2012-11-21,15.43
2012-11-23,15.26
2012-11-26,15.84
2012-11-27,15.93
2012-11-28,16.98
2012-11-29,15.51
2012-11-30,16.17
2012-12-03,16.69
2012-12-04,17.37
2012-12-05,17.53
2012-12-06,16.85
2012-12-07,16.65
2012-12-10,16.47
2012-12-11,16.01
2012-12-12,16.09
2012-12-13,16.67
2012-12-14,17.15
2012-12-17,17.2
2012-12-18,16.43
2012-12-19,17.46
2012-12-20,17.96
2012-12-21,19.93
2012-12-24,18.66
2012-12-26,19.63
2012-12-27,20.9
2012-12-28,23.23
2012-12-31,22.72
2013-01-02,15.93
2013-01-03,14.92
2013-01-04,14.31
2013-01-07,14.53
2013-01-08,14.29
2013-01-09,13.93
2013-01-10,13.88
2013-01-11,13.79
2013-01-14,13.85
2013-01-15,13.99
2013-01-16,13.76
2013-01-17,13.7
2013-01-18,13.53
2013-01-22,13.32
2013-01-23,12.67
2013-01-24,13.5
2013-01-25,12.99
2013-01-28,13.91
2013-01-29,13.88
2013-01-30,14.33
2013-01-31,14.43
2013-02-01,13.38
2013-02-04,14.75
2013-02-05,14.21
2013-02-06,14.08
2013-02-07,14.41
2013-02-08,13.2
2013-02-11,13.42
2013-02-12,13.13
2013-02-13,13.19
2013-02-14,13.32
2013-02-15,12.89
2013-02-19,12.85
2013-02-20,14.68
2013-02-21,16.21
2013-02-22,15.02
2013-02-25,19.28
2013-02-26,18.23
2013-02-27,16.6
2013-02-28,15.6
2013-03-01,16.82
2013-03-04,16.16
2013-03-05,13.66
2013-03-06,13.77
2013-03-07,13.56
2013-03-08,13.3
2013-03-11,12.34
2013-03-12,12.93
2013-03-13,12.55
2013-03-14,11.75
2013-03-15,11.99
2013-03-18,13.64
2013-03-19,15.4
2013-03-20,13.18
2013-03-21,14.21
2013-03-22,13.85
2013-03-25,14.61
2013-03-26,13.21
2013-03-27,13.97
2013-03-28,13.07
2013-04-01,14.05
2013-04-02,13.18
2013-04-03,14.66
2013-04-04,14.79
2013-04-05,15.65
2013-04-08,14.5
2013-04-09,13.68
2013-04-10,12.88
2013-04-11,12.62
2013-04-12,13.12
2013-04-15,17.27
2013-04-16,14.87
2013-04-17,17.9
2013-04-18,18.2
2013-04-19,16.98
2013-04-22,16
2013-04-23,14.87
2013-04-24,13.75
2013-04-25,13.87
2013-04-26,14.18
2013-04-29,13.94
2013-04-30,14.28
2013-05-01,14.67
2013-05-02,14.48
2013-05-03,13.15
2013-05-06,13.19
2013-05-07,12.96
2013-05-08,13.04
2013-05-09,13.53
2013-05-10,13.45
2013-05-13,12.87
2013-05-14,13.21
2013-05-15,13.43
2013-05-16,13.46
2013-05-17,12.94
2013-05-20,13.28
2013-05-21,13.44
2013-05-22,14.45
2013-05-23,15.11
2013-05-24,14.79
2013-05-28,14.56
2013-05-29,15.65
2013-05-30,14.98
2013-05-31,16.35
2013-06-03,17.58
2013-06-04,17.25
2013-06-05,17.84
2013-06-06,18.51
2013-06-07,16.21
2013-06-10,15.6
2013-06-11,17.14
2013-06-12,18.6
2013-06-13,18.58
2013-06-14,17.26
2013-06-17,17.62
2013-06-18,16.95
2013-06-19,17.18
2013-06-20,21.32
2013-06-21,20.93
2013-06-24,21.91
2013-06-25,19.22
2013-06-26,18.06
2013-06-27,16.97
2013-06-28,17.69
2013-07-01,16.9
2013-07-02,16.93
2013-07-03,17.32
2013-07-05,16.28
2013-07-08,15.27
2013-07-09,14.65
2013-07-10,14.62
2013-07-11,14.2
2013-07-12,14.04
2013-07-15,14.11
2013-07-16,14.56
2013-07-17,14.44
2013-07-18,13.8
2013-07-19,13.97
2013-07-22,13.37
2013-07-23,13.06
2013-07-24,13.49
2013-07-25,13.54
2013-07-26,13.73
2013-07-29,13.86
2013-07-30,14.14
2013-07-31,13.83
2013-08-01,13.25
2013-08-02,12.74
2013-08-05,12.42
2013-08-06,12.93
2013-08-07,13.91
2013-08-08,13.13
2013-08-09,13.66
2013-08-12,13.57
2013-08-13,13.37
2013-08-14,13.09
2013-08-15,14.85
2013-08-16,14.88
2013-08-19,15.2
2013-08-20,15.25
2013-08-21,16.56
2013-08-22,15.26
2013-08-23,14.82
2013-08-26,15.01
2013-08-27,17.13
2013-08-28,17.11
2013-08-29,16.98
2013-08-30,17.81
2013-09-03,17.37
2013-09-04,17.01
2013-09-05,16.12
2013-09-06,16.81
2013-09-09,16.02
2013-09-10,15.09
2013-09-11,14.74
2013-09-12,14.39
2013-09-13,14.55
2013-09-16,14.49
2013-09-17,14.61
2013-09-18,14.68
2013-09-19,13.39
2013-09-20,13.47
2013-09-23,14.71
2013-09-24,14.37
2013-09-25,14.62
2013-09-26,14.4
2013-09-27,15.79
2013-09-30,17.49
2013-10-01,16.46
2013-10-02,16.81
2013-10-03,18.71
2013-10-04,17.87
2013-10-07,19.41
2013-10-08,21.01
2013-10-09,21.34
2013-10-10,17.92
2013-10-11,16.38
2013-10-14,17.74
2013-10-15,18.67
2013-10-16,17.15
2013-10-17,14.59
2013-10-18,13.53
2013-10-21,13.63
2013-10-22,13.92
2013-10-23,14.21
2013-10-24,13.62
2013-10-25,13.44
2013-10-28,13.72
2013-10-29,13.63
2013-10-30,14.35
2013-10-31,14.02
2013-11-01,13.92
2013-11-04,13.67
2013-11-05,13.64
2013-11-06,13.33
2013-11-07,14.14
2013-11-08,13.80
2013-11-11,12.93
2013-11-12,13.06
2013-11-13,13.35
2013-11-14,12.94
2013-11-15,12.45
2013-11-18,13.22
2013-11-19,13.68
2013-11-20,13.94
2013-11-21,13.09
2013-11-22,12.91
2013-11-25,12.92
2013-11-26,12.99
2013-11-27,12.98
2013-11-29,13.78
2013-12-02,14.31
2013-12-03,15.04
2013-12-04,15.71
2013-12-05,15.38
2013-12-06,14.09
2013-12-09,14.07
2013-12-10,14.22
2013-12-11,15.43
2013-12-12,16.09
2013-12-13,15.80
2013-12-16,16.08
2013-12-17,16.67
2013-12-18,16.75
2013-12-19,14.21
2013-12-20,13.87
2013-12-23,13.53
2013-12-24,12.89
2013-12-26,12.50
2013-12-27,12.59
2013-12-30,13.58
2013-12-31,14.35
2014-01-02,14.59
2014-01-03,14.22
2014-01-06,14.00
2014-01-07,13.28
2014-01-08,13.24
2014-01-09,13.26
2014-01-10,12.90
2014-01-13,13.65
2014-01-14,12.90
2014-01-15,12.40
2014-01-16,12.66
2014-01-17,12.93
2014-01-21,13.42
2014-01-22,13.12
2014-01-23,14.66
2014-01-24,18.14
2014-01-27,18.99
2014-01-28,17.28
2014-01-29,18.04
2014-01-30,17.39
2014-01-31,18.99
2014-02-03,21.48
2014-02-04,20.07
2014-02-05,20.72
2014-02-06,19.09
2014-02-07,16.31
2014-02-10,15.76
2014-02-11,15.29
2014-02-12,14.64
2014-02-13,15.24
2014-02-14,14.22
2014-02-18,14.51
2014-02-19,15.73
2014-02-20,15.80
2014-02-21,14.79
2014-02-24,14.83
2014-02-25,14.83
2014-02-26,14.54
2014-02-27,14.69
2014-02-28,14.79
2014-03-03,16.78
2014-03-04,14.54
2014-03-05,14.32
2014-03-06,14.42
2014-03-07,14.43
2014-03-10,15.28
2014-03-11,14.93
2014-03-12,15.64
2014-03-13,16.66
2014-03-14,18.22
2014-03-17,16.40
2014-03-18,15.47
2014-03-19,15.95
2014-03-20,15.62
2014-03-21,15.17
2014-03-24,16.07
2014-03-25,15.05
2014-03-26,15.28
2014-03-27,15.63
2014-03-28,14.86
2014-03-31,14.16
2014-04-01,13.56
2014-04-02,13.35
2014-04-03,13.70
2014-04-04,14.55
2014-04-07,16.01
2014-04-08,16.20
2014-04-09,14.94
2014-04-10,16.38
2014-04-11,17.85
2014-04-14,17.40
2014-04-15,17.50
2014-04-16,15.27
2014-04-17,14.17
2014-04-21,14.11
2014-04-22,13.26
2014-04-23,13.75
2014-04-24,14.08
2014-04-25,14.67
2014-04-28,15.28
2014-04-29,14.24
2014-04-30,14.18
2014-05-01,13.75
2014-05-02,13.50
2014-05-05,14.20
2014-05-06,13.90
2014-05-07,14.49
2014-05-08,13.88
2014-05-09,14.03
2014-05-12,12.58
2014-05-13,12.74
2014-05-14,12.51
2014-05-15,13.77
2014-05-16,13.66
2014-05-19,13.21
2014-05-20,13.30
2014-05-21,12.46
2014-05-22,12.09
2014-05-23,11.97
2014-05-27,11.84
2014-05-28,11.86
2014-05-29,11.82
2014-05-30,11.70
2014-06-02,12.17
2014-06-03,12.13
2014-06-04,12.33
2014-06-05,12.34
2014-06-06,11.39
2014-06-09,11.51
2014-06-10,11.66
2014-06-11,11.87
2014-06-12,12.81
2014-06-13,12.69
2014-06-16,12.87
2014-06-17,12.89
2014-06-18,11.91
2014-06-19,10.82
2014-06-20,11.02
2014-06-23,11.35
2014-06-24,12.27
2014-06-25,12.33
2014-06-26,12.51
2014-06-27,12.04
2014-06-30,11.81
2014-07-01,11.42
2014-07-02,11.18
2014-07-03,10.76
2014-07-07,11.54
2014-07-08,12.51
2014-07-09,12.05
2014-07-10,13.23
2014-07-11,12.68
2014-07-14,11.83
2014-07-15,12.47
2014-07-16,11.45
2014-07-17,15.38
2014-07-18,13.55
2014-07-21,13.62
2014-07-22,12.24
2014-07-23,12.16
2014-07-24,12.06
2014-07-25,12.75
2014-07-28,13.64
2014-07-29,13.35
2014-07-30,14.07
2014-07-31,17.11
2014-08-01,17.57
2014-08-04,16.80
2014-08-05,17.14
2014-08-06,17.30
2014-08-07,17.25
2014-08-08,17.09
2014-08-11,15.16
2014-08-12,14.74
2014-08-13,13.93
2014-08-14,13.13
2014-08-15,14.94
2014-08-18,12.85
2014-08-19,12.46
2014-08-20,12.24
2014-08-21,13.51
2014-08-22,12.48
2014-08-25,11.77
2014-08-26,11.93
2014-08-27,11.93
2014-08-28,12.73
2014-08-29,12.44
2014-09-02,13.41
2014-09-03,12.55
2014-09-04,12.99
2014-09-05,13.18
2014-09-08,13.09
2014-09-09,13.91
2014-09-10,14.06
2014-09-11,13.67
2014-09-12,14.27
2014-09-15,14.19
2014-09-16,14.53
2014-09-17,14.53
2014-09-18,12.58
2014-09-19,12.61
2014-09-22,13.98
2014-09-23,14.94
2014-09-24,14.93
2014-09-25,16.69
2014-09-26,15.98
2014-09-29,17.08
2014-09-30,16.43
2014-10-01,17.56
2014-10-02,17.98
2014-10-03,15.43
2014-10-06,15.77
2014-10-07,17.46
2014-10-08,18.03
2014-10-09,19.38
2014-10-10,22.06
2014-10-13,24.64
2014-10-14,24.55
2014-10-15,31.06
2014-10-16,29.41
2014-10-17,23.08
2014-10-20,22.16
2014-10-21,17.75
2014-10-22,18.43
2014-10-23,17.06
2014-10-24,18.06
2014-10-27,17.87
2014-10-28,15.78
2014-10-29,16.28
2014-10-30,15.75
2014-10-31,14.83
2014-11-03,14.99
2014-11-04,15.93
2014-11-05,14.99
2014-11-06,15.08
2014-11-07,14.16
2014-11-10,13.25
2014-11-11,13.18
2014-11-12,13.76
2014-11-13,14.31
2014-11-14,14.15
2014-11-17,14.73
2014-11-18,13.99
2014-11-19,14.78
2014-11-20,15.74
2014-11-21,13.80
2014-11-24,13.02
2014-11-25,13.02
2014-11-26,12.40
2014-11-28,13.49
2014-12-01,14.75
2014-12-02,14.17
2014-12-03,12.88
2014-12-04,13.23
2014-12-05,12.28
2014-12-08,14.67
2014-12-09,16.68
2014-12-10,18.92
2014-12-11,20.13
2014-12-12,23.06
2014-12-15,24.83
2014-12-16,25.20
2014-12-17,24.61
2014-12-18,18.51
2014-12-19,17.20
2014-12-22,16.88
2014-12-23,15.21
2014-12-24,14.54
2014-12-26,14.84
2014-12-29,16.14
2014-12-30,16.20
2014-12-31,19.91
2015-01-02,20.14
2015-01-05,21.29
2015-01-06,22.90
2015-01-07,20.72
2015-01-08,18.09
2015-01-09,18.42
2015-01-12,20.44
2015-01-13,21.58
2015-01-14,23.34
2015-01-15,23.31
2015-01-16,23.43
2015-01-20,21.37
2015-01-21,21.28
2015-01-22,19.23
2015-01-23,17.09
2015-01-26,17.43
2015-01-27,18.41
2015-01-28,20.44
2015-01-29,21.56
2015-01-30,22.18
2015-02-02,22.81
2015-02-03,18.89
2015-02-04,18.38
2015-02-05,17.43
2015-02-06,18.74
2015-02-09,19.28
2015-02-10,18.36
2015-02-11,17.81
2015-02-12,16.47
2015-02-13,15.64
2015-02-17,16.33
2015-02-18,16.74
2015-02-19,16.22
2015-02-20,16.29
2015-02-23,15.48
2015-02-24,14.63
2015-02-25,14.06
2015-02-26,14.57
2015-02-27,14.17
2015-03-02,13.90
2015-03-03,14.69
2015-03-04,15.33
2015-03-05,14.58
2015-03-06,15.83
2015-03-09,15.76
2015-03-10,16.91
2015-03-11,17.19
2015-03-12,16.45
2015-03-13,16.74
2015-03-16,15.89
2015-03-17,16.37
2015-03-18,16.29
2015-03-19,14.97
2015-03-20,13.53
2015-03-23,13.53
2015-03-24,13.68
2015-03-25,15.55
2015-03-26,17.19
2015-03-27,15.83
2015-03-30,14.76
2015-03-31,15.74
2015-04-01,16.66
2015-04-02,15.51
2015-04-06,15.76
2015-04-07,14.81
2015-04-08,14.77
2015-04-09,14.59
2015-04-10,13.26
2015-04-13,14.31
2015-04-14,14.74
2015-04-15,13.58
2015-04-16,13.35
2015-04-17,15.02
2015-04-20,13.67
2015-04-21,13.51
2015-04-22,13.80
2015-04-23,12.96
2015-04-24,13.02
2015-04-27,13.40
2015-04-28,14.23
2015-04-29,14.34
2015-04-30,15.29
2015-05-01,13.98
2015-05-04,13.18
2015-05-05,14.41
2015-05-06,16.36
2015-05-07,15.97
2015-05-08,13.42
2015-05-11,13.85
2015-05-12,15.13
2015-05-13,14.04
2015-05-14,13.29
2015-05-15,13.09
2015-05-18,13.22
2015-05-19,13.13
2015-05-20,13.27
2015-05-21,13.09
2015-05-22,12.37
2015-05-26,14.63
2015-05-27,14.41
2015-05-28,13.99
2015-05-29,14.43
2015-06-01,14.86
2015-06-02,15.05
2015-06-03,14.20
2015-06-04,15.49
2015-06-05,15.65
2015-06-08,15.50
2015-06-09,15.74
2015-06-10,14.37
2015-06-11,13.22
2015-06-12,14.02
2015-06-15,15.57
2015-06-16,15.62
2015-06-17,15.49
2015-06-18,14.03
2015-06-19,14.00
2015-06-22,13.46
2015-06-23,12.68
2015-06-24,13.33
2015-06-25,14.16
2015-06-26,14.91
2015-06-29,19.50
2015-06-30,19.80
2015-07-01,17.26
2015-07-02,17.48
2015-07-06,18.95
2015-07-07,19.20
2015-07-08,19.76
2015-07-09,20.05
2015-07-10,18.17
2015-07-13,15.36
2015-07-14,13.95
2015-07-15,13.97
2015-07-16,12.61
2015-07-17,12.22
2015-07-20,12.37
2015-07-21,12.79
2015-07-22,12.83
2015-07-23,13.08
2015-07-24,14.73
2015-07-27,16.27
2015-07-28,15.62
2015-07-29,13.59
2015-07-30,13.42
2015-07-31,12.63
2015-08-03,13.55
2015-08-04,13.22
2015-08-05,12.72
2015-08-06,14.25
2015-08-07,14.58
2015-08-10,12.78
2015-08-11,14.33
2015-08-12,16.28
2015-08-13,14.33
2015-08-14,13.87
2015-08-17,14.52
2015-08-18,13.94
2015-08-19,15.96
2015-08-20,19.24
2015-08-21,28.38
2015-08-24,53.29
2015-08-25,38.06
2015-08-26,35.62
2015-08-27,29.90
2015-08-28,29.20
2015-08-31,29.37
2015-09-01,33.82
2015-09-02,30.45
2015-09-03,26.31
2015-09-04,29.47
2015-09-08,26.25
2015-09-09,26.82
2015-09-10,27.22
2015-09-11,25.81
2015-09-14,25.32
2015-09-15,23.77
2015-09-16,22.94
2015-09-17,23.33
2015-09-18,23.99
2015-09-21,22.48
2015-09-22,26.29
2015-09-23,23.20
2015-09-24,25.30
2015-09-25,24.29
2015-09-28,28.33
2015-09-29,28.20
2015-09-30,25.88
2015-10-01,25.23
2015-10-02,24.47
2015-10-05,20.42
2015-10-06,20.32
2015-10-07,19.73
2015-10-08,19.02
2015-10-09,18.20
2015-10-12,17.81
2015-10-13,17.70
2015-10-14,18.78
2015-10-15,17.85
2015-10-16,16.86
2015-10-19,16.23
2015-10-20,16.34
2015-10-21,16.70
2015-10-22,15.92
2015-10-23,15.12
2015-10-26,15.43
2015-10-27,15.99
2015-10-28,15.73
2015-10-29,15.46
2015-10-30,15.39
2015-11-02,15.51
2015-11-03,14.73
2015-11-04,15.88
2015-11-05,16.39
2015-11-06,16.00
2015-11-09,17.09
2015-11-10,16.96
2015-11-11,16.15
2015-11-12,18.50
2015-11-13,20.67
2015-11-16,20.55
2015-11-17,19.59
2015-11-18,19.45
2015-11-19,18.26
2015-11-20,16.38
2015-11-23,16.74
2015-11-24,17.21
2015-11-25,15.89
2015-11-27,16.09
2015-11-30,16.57
2015-12-01,16.34
2015-12-02,16.49
2015-12-03,19.35
2015-12-04,17.65
2015-12-07,17.18
2015-12-08,18.33
2015-12-09,20.13
2015-12-10,19.72
2015-12-11,25.27
2015-12-14,26.81
2015-12-15,21.62
2015-12-16,20.24
2015-12-17,19.05
2015-12-18,23.30
2015-12-21,20.21
2015-12-22,18.22
2015-12-23,16.25
2015-12-24,15.88
2015-12-28,18.13
2015-12-29,16.48
2015-12-30,17.42
2015-12-31,20.39
2016-01-04,23.36
2016-01-05,21.06
2016-01-06,21.86
2016-01-07,25.86
2016-01-08,27.08
2016-01-11,27.39
2016-01-12,23.93
2016-01-13,26.11
2016-01-14,26.28
2016-01-15,30.95
2016-01-19,27.59
2016-01-20,32.09
2016-01-21,28.43
2016-01-22,24.55
2016-01-25,24.31
2016-01-26,24.02
2016-01-27,27.22
2016-01-28,23.81
2016-01-29,21.74
2016-02-01,23.66
2016-02-02,22.42
2016-02-03,27.70
2016-02-04,23.14
2016-02-05,24.11
2016-02-08,27.72
2016-02-09,28.31
2016-02-10,26.60
2016-02-11,30.90
2016-02-12,27.57
2016-02-16,25.52
2016-02-17,24.16
2016-02-18,22.53
2016-02-19,23.44
2016-02-22,20.35
2016-02-23,21.16
2016-02-24,22.87
2016-02-25,21.26
2016-02-26,20.13
2016-02-29,20.81
2016-03-01,20.17
2016-03-02,18.41
2016-03-03,17.56
2016-03-04,17.35
2016-03-07,18.04
2016-03-08,18.89
2016-03-09,19.11
2016-03-10,19.59
2016-03-11,17.27
2016-03-14,17.67
2016-03-15,17.85
2016-03-16,16.33
2016-03-17,15.38
2016-03-18,14.36
2016-03-21,14.73
2016-03-22,14.76
2016-03-23,15.03
2016-03-24,16.44
2016-03-28,16.04
2016-03-29,15.89
2016-03-30,13.89
2016-03-31,14.28
2016-04-01,15.28
2016-04-04,14.24
2016-04-05,15.72
2016-04-06,15.98
2016-04-07,16.77
2016-04-08,15.93
2016-04-11,16.26
2016-04-12,16.57
2016-04-13,14.53
2016-04-14,14.12
2016-04-15,14.19
2016-04-18,14.94
2016-04-19,13.88
2016-04-20,13.50
2016-04-21,14.14
2016-04-22,14.19
2016-04-25,14.76
2016-04-26,14.43
2016-04-27,14.95
2016-04-28,15.61
2016-04-29,17.09
2016-05-02,16.50
2016-05-03,16.42
2016-05-04,16.85
2016-05-05,16.45
2016-05-06,16.58
2016-05-09,15.39
2016-05-10,14.35
2016-05-11,14.69
2016-05-12,15.42
2016-05-13,15.47
2016-05-16,15.98
2016-05-17,16.12
2016-05-18,16.47
2016-05-19,17.65
2016-05-20,16.30
2016-05-23,16.47
2016-05-24,16.06
2016-05-25,14.33
2016-05-26,14.11
2016-05-27,13.76
2016-05-31,15.00
2016-06-01,15.25
2016-06-02,14.92
2016-06-03,14.66
2016-06-06,14.27
2016-06-07,14.05
2016-06-08,14.27
2016-06-09,14.85
2016-06-10,17.33
2016-06-13,21.01
2016-06-14,22.16
2016-06-15,20.45
2016-06-16,22.89
2016-06-17,20.03
2016-06-20,18.55
2016-06-21,18.96
2016-06-22,21.22
2016-06-23,19.79
2016-06-24,26.24
2016-06-27,26.72
2016-06-28,22.07
2016-06-29,18.27
2016-06-30,16.99
2016-07-01,15.86
2016-07-05,16.62
2016-07-06,17.04
2016-07-07,15.98
2016-07-08,14.75
2016-07-11,13.67
2016-07-12,13.93
2016-07-13,13.79
2016-07-14,13.37
2016-07-15,13.22
2016-07-18,13.12
2016-07-19,12.83
2016-07-20,11.97
2016-07-21,13.06
2016-07-22,12.88
2016-07-25,13.72
2016-07-26,13.50
2016-07-27,13.74
2016-07-28,13.52
2016-07-29,12.90
2016-08-01,12.98
2016-08-02,14.24
2016-08-03,13.91
2016-08-04,12.98
2016-08-05,12.26
2016-08-08,11.78
2016-08-09,11.92
2016-08-10,12.50
2016-08-11,12.11
2016-08-12,12.00
2016-08-15,12.17
2016-08-16,12.78
2016-08-17,13.71
2016-08-18,12.53
2016-08-19,12.28
2016-08-22,13.02
2016-08-23,12.44
2016-08-24,14.01
2016-08-25,14.09
2016-08-26,14.93
2016-08-29,14.43
2016-08-30,13.60
2016-08-31,14.34
2016-09-01,14.61
2016-09-02,13.90
2016-09-06,12.93
2016-09-07,12.45
2016-09-08,12.60
2016-09-09,17.54
2016-09-12,20.51
2016-09-13,18.97
2016-09-14,18.14
2016-09-15,18.07
2016-09-16,17.10
2016-09-19,15.96
2016-09-20,16.09
2016-09-21,15.65
2016-09-22,13.39
2016-09-23,12.58
2016-09-26,14.63
2016-09-27,14.76
2016-09-28,13.57
2016-09-29,15.69
2016-09-30,15.20
2016-10-03,14.42
2016-10-04,14.57
2016-10-05,13.68
2016-10-06,13.84
2016-10-07,14.15
2016-10-10,14.36
2016-10-11,16.47
2016-10-12,16.34
2016-10-13,17.95
2016-10-14,16.50
2016-10-17,17.11
2016-10-18,15.85
2016-10-19,15.68
2016-10-20,14.72
2016-10-21,14.53
2016-10-24,13.26
2016-10-25,13.86
2016-10-26,14.80
2016-10-27,15.43
2016-10-28,17.35
2016-10-31,17.63
2016-11-01,20.43
2016-11-02,19.82
2016-11-03,22.57
2016-11-04,23.01
2016-11-07,19.86
2016-11-08,19.91
2016-11-09,21.48
2016-11-10,16.30
2016-11-11,16.00
2016-11-14,15.56
2016-11-15,14.65
2016-11-16,14.49
2016-11-17,13.55
2016-11-18,13.74
2016-11-21,13.44
2016-11-22,12.83
2016-11-23,13.01
2016-11-25,12.74
2016-11-28,13.50
2016-11-29,13.55
2016-11-30,13.42
2016-12-01,14.72
2016-12-02,14.48
2016-12-05,13.77
2016-12-06,12.30
2016-12-07,12.24
2016-12-08,13.40
2016-12-09,12.72
2016-12-12,12.78
2016-12-13,13.42
2016-12-14,13.39
2016-12-15,13.24
2016-12-16,12.95
2016-12-19,12.52
2016-12-20,11.75
2016-12-21,11.49
2016-12-22,11.67
2016-12-23,11.81
2016-12-27,12.33
2016-12-28,13.04
2016-12-29,13.71
2016-12-30,14.68
2017-01-03,14.07
2017-01-04,12.80
2017-01-05,12.09
2017-01-06,11.74
2017-01-09,12.08
2017-01-10,11.79
2017-01-11,12.23
2017-01-12,12.60
2017-01-13,11.62
2017-01-17,12.75
2017-01-18,12.81
2017-01-19,13.28
2017-01-20,12.59
2017-01-23,12.62
2017-01-24,11.89
2017-01-25,11.05
2017-01-26,11.01
2017-01-27,10.82
2017-01-30,12.90
2017-01-31,12.99
2017-02-01,12.05
2017-02-02,12.47
2017-02-03,11.84
2017-02-06,11.84
2017-02-07,11.67
2017-02-08,11.82
2017-02-09,11.53
2017-02-10,10.95
2017-02-13,11.40
2017-02-14,11.34
2017-02-15,12.01
2017-02-16,12.86
2017-02-17,12.26
2017-02-21,12.09
2017-02-22,12.07
2017-02-23,12.46
2017-02-24,12.59
2017-02-27,12.14
2017-02-28,12.96
2017-03-01,12.58
2017-03-02,12.71
2017-03-03,11.97
2017-03-06,11.72
2017-03-07,11.58
2017-03-08,11.86
2017-03-09,12.43
2017-03-10,12.09
2017-03-13,12.23
2017-03-14,12.54
2017-03-15,12.25
2017-03-16,11.55
2017-03-17,11.38
2017-03-20,11.72
2017-03-21,12.85
2017-03-22,13.16
2017-03-23,13.17
2017-03-24,14.16
2017-03-27,15.11
2017-03-28,12.67
2017-03-29,11.70
2017-03-30,11.64
2017-03-31,12.54
2017-04-03,13.59
2017-04-04,13.07
2017-04-05,12.89
2017-04-06,13.22
2017-04-07,13.43
2017-04-10,14.11
2017-04-11,15.88
2017-04-12,16.16
2017-04-13,16.22
2017-04-17,16.28
2017-04-18,15.50
2017-04-19,15.15
2017-04-20,14.81
2017-04-21,15.33
2017-04-24,12.01
2017-04-25,11.15
2017-04-26,10.89
2017-04-27,11.08
2017-04-28,11.16
2017-05-01,11.04
2017-05-02,10.59
2017-05-03,11.15
2017-05-04,11.24
2017-05-05,10.98
2017-05-08,10.55
2017-05-09,10.14
2017-05-10,10.24
2017-05-11,11.23
2017-05-12,10.87
2017-05-15,10.88
2017-05-16,10.67
2017-05-17,15.59
2017-05-18,16.30
2017-05-19,14.23
2017-05-22,12.52
2017-05-23,11.00
2017-05-24,10.90
2017-05-25,10.29
2017-05-26,10.48
2017-05-30,10.84
2017-05-31,11.30
2017-06-01,10.54
2017-06-02,10.30
2017-06-05,10.28
2017-06-06,10.77
2017-06-07,10.93
2017-06-08,10.53
2017-06-09,12.11
2017-06-12,12.37
2017-06-13,11.14
2017-06-14,11.26
2017-06-15,12.01
2017-06-16,11.35
2017-06-19,10.60
2017-06-20,11.15
2017-06-21,11.40
2017-06-22,11.01
2017-06-23,10.69
2017-06-26,10.44
2017-06-27,11.31
2017-06-28,11.49
2017-06-29,15.16
2017-06-30,11.85
2017-07-03,11.45
2017-07-05,12.03
2017-07-06,13.05
2017-07-07,12.57
2017-07-10,11.73
2017-07-11,12.14
2017-07-12,10.85
2017-07-13,10.40
2017-07-14,10.14
2017-07-17,10.03
2017-07-18,10.35
2017-07-19,9.94
2017-07-20,10.28
2017-07-21,9.98
2017-07-24,9.97
2017-07-25,9.52
2017-07-26,9.66
2017-07-27,11.50
2017-07-28,11.30
2017-07-31,10.84
2017-08-01,10.56
2017-08-02,10.81
2017-08-03,10.60
2017-08-04,10.50
2017-08-07,10.32
2017-08-08,11.52
2017-08-09,12.63
2017-08-10,16.17
2017-08-11,17.28
2017-08-14,14.05
2017-08-15,12.37
2017-08-16,12.54
2017-08-17,15.77
2017-08-18,16.04
2017-08-21,14.74
2017-08-22,12.94
2017-08-23,12.59
2017-08-24,12.83
2017-08-25,12.45
2017-08-28,12.11
2017-08-29,14.34
2017-08-30,11.98
2017-08-31,11.22
2017-09-01,10.46
2017-09-05,14.06
2017-09-06,12.59
2017-09-07,12.07
2017-09-08,12.60
2017-09-11,11.39
2017-09-12,10.95
2017-09-13,10.86
2017-09-14,11.04
2017-09-15,10.74
2017-09-18,10.42
2017-09-19,10.30
2017-09-20,10.67
2017-09-21,10.21
2017-09-22,10.20
2017-09-25,11.21
2017-09-26,10.68
2017-09-27,10.42
2017-09-28,10.13
2017-09-29,9.83
2017-10-02,10.04
2017-10-03,9.75
2017-10-04,9.88
2017-10-05,9.62
2017-10-06,10.27
2017-10-09,10.53
2017-10-10,10.66
2017-10-11,10.38
2017-10-12,10.33
2017-10-13,9.98
2017-10-16,10.02
2017-10-17,10.46
2017-10-18,10.41
2017-10-19,11.77
2017-10-20,10.04
2017-10-23,11.08
2017-10-24,11.16
2017-10-25,13.20
2017-10-26,11.81
2017-10-27,11.12
2017-10-30,10.89
2017-10-31,10.37
2017-11-01,10.49
2017-11-02,10.89
2017-11-03,9.91
2017-11-06,9.74
2017-11-07,10.31
2017-11-08,10.27
2017-11-09,12.19
2017-11-10,11.58
2017-11-13,12.18
2017-11-14,12.61
2017-11-15,14.51
2017-11-16,12.52
2017-11-17,12.01
2017-11-20,12.08
2017-11-21,10.78
2017-11-22,9.88
2017-11-24,9.96
2017-11-27,10.26
2017-11-28,10.31
2017-11-29,10.93
2017-11-30,12.05
2017-12-01,14.58
2017-12-04,11.86
2017-12-05,11.67
2017-12-06,11.68
2017-12-07,11.32
2017-12-08,10.06
2017-12-11,10.08
2017-12-12,9.92
2017-12-13,10.21
2017-12-14,10.54
2017-12-15,10.20
2017-12-18,9.89
2017-12-19,10.15
2017-12-20,9.85
2017-12-21,9.86
2017-12-22,10.18
2017-12-26,10.46
2017-12-27,10.79
2017-12-28,10.44
2017-12-29,11.06
2018-01-02,11.07
2018-01-03,9.65
2018-01-04,9.31
2018-01-05,9.54
2018-01-08,9.89
2018-01-09,10.09
2018-01-10,10.85
2018-01-11,10.02
2018-01-12,10.31
2018-01-16,12.41
2018-01-17,12.81
2018-01-18,12.40
2018-01-19,12.33
2018-01-22,11.62
2018-01-23,11.57
2018-01-24,12.19
2018-01-25,12.01
2018-01-26,11.60
2018-01-29,13.84
2018-01-30,15.42
2018-01-31,14.44
2018-02-01,14.30
2018-02-02,17.86
2018-02-05,38.80
2018-02-06,50.30
2018-02-07,31.64
2018-02-08,36.17
2018-02-09,41.06
2018-02-12,29.70
2018-02-13,27.82
2018-02-14,25.72
2018-02-15,20.66
2018-02-16,20.99
2018-02-20,21.61
2018-02-21,21.04
2018-02-22,20.61
2018-02-23,18.80
2018-02-26,16.94
2018-02-27,18.98
2018-02-28,20.44
2018-03-01,25.30
2018-03-02,26.22
2018-03-05,21.57
2018-03-06,19.64
2018-03-07,20.49
2018-03-08,17.68
2018-03-09,16.75
2018-03-12,16.35
2018-03-13,16.98
2018-03-14,17.59
2018-03-15,17.41
2018-03-16,16.72
2018-03-19,21.87
2018-03-20,19.31
2018-03-21,18.37
2018-03-22,23.81
2018-03-23,26.01
2018-03-26,24.54
2018-03-27,24.06
2018-03-28,24.94
2018-03-29,23.05
2018-04-02,25.72
2018-04-03,23.38
2018-04-04,24.51
2018-04-05,20.21
2018-04-06,23.12
2018-04-09,22.02
2018-04-10,21.68
2018-04-11,21.66
2018-04-12,19.92
2018-04-13,18.45
2018-04-16,17.66
2018-04-17,16.27
2018-04-18,16.90
2018-04-19,16.92
2018-04-20,17.50
2018-04-23,17.56
2018-04-24,19.66
2018-04-25,19.84
2018-04-26,18.12
2018-04-27,16.77
2018-04-30,16.35
2018-05-01,16.82
2018-05-02,15.97
2018-05-03,18.66
2018-05-04,16.92
2018-05-07,15.52
2018-05-08,15.56
2018-05-09,14.63
2018-05-10,13.63
2018-05-11,13.44
2018-05-14,13.28
2018-05-15,15.01
2018-05-16,14.91
2018-05-17,13.86
2018-05-18,13.87
2018-05-21,13.59
2018-05-22,13.42
2018-05-23,14.60
2018-05-24,14.24
2018-05-25,13.52
2018-05-29,18.78
2018-05-30,16.64
2018-05-31,16.29
2018-06-01,14.93
2018-06-04,13.91
2018-06-05,13.34
2018-06-06,12.56
2018-06-07,13.28
2018-06-08,13.31
2018-06-11,12.69
2018-06-12,12.60
2018-06-13,12.95
2018-06-14,13.07
2018-06-15,13.16
2018-06-18,13.74
2018-06-19,14.68
2018-06-20,13.02
2018-06-21,15.18
2018-06-22,14.60
2018-06-25,19.61
2018-06-26,17.54
2018-06-27,18.19
2018-06-28,18.99
2018-06-29,16.51
2018-07-02,18.08
2018-07-03,16.45
2018-07-05,16.22
2018-07-06,15.45
2018-07-09,13.45
2018-07-10,13.21
2018-07-11,14.15
2018-07-12,13.33
2018-07-13,12.97
2018-07-16,12.97
2018-07-17,13.18
2018-07-18,12.47
2018-07-19,13.09
2018-07-20,13.58
2018-07-23,13.55
2018-07-24,13.21
2018-07-25,12.82
2018-07-26,12.53
2018-07-27,14.26
2018-07-30,14.46
2018-07-31,14.12
2018-08-01,13.63
2018-08-02,14.53
2018-08-03,12.46
2018-08-06,12.15
2018-08-07,11.24
2018-08-08,11.18
2018-08-09,11.31
2018-08-10,13.82
2018-08-13,15.02
2018-08-14,14.22
2018-08-15,16.86
2018-08-16,14.36
2018-08-17,13.96
2018-08-20,12.79
2018-08-21,12.89
2018-08-22,13.29
2018-08-23,12.68
2018-08-24,12.17
2018-08-27,12.48
2018-08-28,12.50
2018-08-29,12.55
2018-08-30,13.95
2018-08-31,14.03
2018-09-04,14.35
2018-09-05,14.30
2018-09-06,15.41
2018-09-07,15.63
2018-09-10,15.20
2018-09-11,14.92
2018-09-12,13.86
2018-09-13,12.91
2018-09-14,13.15
2018-09-17,13.75
2018-09-18,13.48
2018-09-19,12.77
2018-09-20,11.96
2018-09-21,12.03
2018-09-24,12.92
2018-09-25,12.60
2018-09-26,13.13
2018-09-27,13.00
2018-09-28,13.22
2018-10-01,12.40
2018-10-02,12.69
2018-10-03,12.14
2018-10-04,15.84
2018-10-05,17.36
2018-10-08,18.38
2018-10-09,17.49
2018-10-10,22.96
2018-10-11,28.84
2018-10-12,26.80
2018-10-15,22.89
2018-10-16,20.56
2018-10-17,19.55
2018-10-18,21.57
2018-10-19,21.08
2018-10-22,20.89
2018-10-23,24.66
2018-10-24,26.38
2018-10-25,24.78
2018-10-26,27.52
2018-10-29,27.86
2018-10-30,25.55
2018-10-31,22.80
2018-11-01,21.21
2018-11-02,21.61
2018-11-05,20.87
2018-11-06,20.60
2018-11-07,18.05
2018-11-08,17.20
2018-11-09,18.41
2018-11-12,20.71
2018-11-13,21.25
2018-11-14,22.36
2018-11-15,22.97
2018-11-16,21.36
2018-11-19,20.99
2018-11-20,23.81
2018-11-21,22.31
2018-11-23,22.65
2018-11-26,20.80
2018-11-27,19.93
2018-11-28,19.38
2018-11-29,20.48
2018-11-30,19.91
2018-12-03,17.28
2018-12-04,21.94
2018-12-06,25.94
2018-12-07,24.71
2018-12-10,25.94
2018-12-11,23.60
2018-12-12,21.91
2018-12-13,21.57
2018-12-14,22.47
2018-12-17,25.88
2018-12-18,26.14
2018-12-19,26.64
2018-12-20,30.30
2018-12-21,31.35
2018-12-24,36.10
2018-12-26,36.20
2018-12-27,33.80
2018-12-28,31.05
2018-12-31,27.64
2019-01-02,28.53
2019-01-03,26.60
2019-01-04,24.48
2019-01-07,22.71
2019-01-08,22.03
2019-01-09,22.80
2019-01-10,21.32
2019-01-11,20.16
2019-01-14,20.27
2019-01-15,19.20
2019-01-16,19.04
2019-01-17,19.72
2019-01-18,18.18
2019-01-22,21.15
2019-01-23,22.02
2019-01-24,20.25
2019-01-25,18.46
2019-01-28,20.42
2019-01-29,19.93
2019-01-30,19.31
2019-01-31,17.72
2019-02-01,16.83
2019-02-04,16.73
2019-02-05,15.94
2019-02-06,15.87
2019-02-07,17.89
2019-02-08,17.63
2019-02-11,16.50
2019-02-12,15.65
2019-02-13,15.91
2019-02-14,17.27
2019-02-15,16.82
2019-02-19,16.16
2019-02-20,15.19
2019-02-21,15.17
2019-02-22,14.47
2019-02-25,14.90
2019-02-26,15.28
2019-02-27,16.17
2019-02-28,15.24
2019-03-01,14.84
2019-03-04,16.98
2019-03-05,15.39
2019-03-06,16.11
2019-03-07,17.81
2019-03-08,18.33
2019-03-11,16.43
2019-03-12,14.70
2019-03-13,14.05
2019-03-14,13.84
2019-03-15,13.28
2019-03-18,13.80
2019-03-19,13.77
2019-03-20,14.30
2019-03-21,14.56
2019-03-22,17.52
2019-03-25,17.85
2019-03-26,16.30
2019-03-27,16.71
2019-03-28,15.62
2019-03-29,14.43
2019-04-01,14.01
2019-04-02,13.68
2019-04-03,14.27
2019-04-04,14.03
2019-04-05,13.47
2019-04-08,13.77
2019-04-09,14.39
2019-04-10,14.29
2019-04-11,13.58
2019-04-12,12.96
2019-04-15,13.14
2019-04-16,12.47
2019-04-17,13.02
2019-04-18,13.12
2019-04-22,13.36
2019-04-23,12.69
2019-04-24,13.23
2019-04-25,14.30
2019-04-26,13.62
2019-04-29,13.27
2019-04-30,14.05
2019-05-01,14.83
2019-05-02,15.92
2019-05-03,14.15
2019-05-06,18.80
2019-05-07,21.84
2019-05-08,21.74
2019-05-09,23.38
2019-05-10,20.19
2019-05-13,21.32
2019-05-14,19.65
2019-05-15,19.15
2019-05-16,17.13
2019-05-17,16.81
2019-05-20,17.63
2019-05-21,16.22
2019-05-22,15.44
2019-05-23,18.05
2019-05-24,16.52
2019-05-28,17.70
2019-05-29,19.04
2019-05-30,18.11
2019-05-31,19.72
2019-06-03,19.75
2019-06-04,18.74
2019-06-05,17.49
2019-06-06,16.54
2019-06-07,16.44
2019-06-10,16.47
2019-06-11,16.70
2019-06-12,16.43
2019-06-13,16.21
2019-06-14,16.40
2019-06-17,15.76
2019-06-18,15.54
2019-06-19,15.71
2019-06-20,16.03
2019-06-21,15.48
2019-06-24,15.56
2019-06-25,16.68
2019-06-26,16.60
2019-06-27,16.40
2019-06-28,16.13
2019-07-01,14.64
2019-07-02,14.30
2019-07-03,13.19
2019-07-05,14.47
2019-07-08,14.44
2019-07-09,14.71
2019-07-10,14.69
2019-07-11,13.33
2019-07-12,12.82
2019-07-15,13.02
2019-07-16,13.14
2019-07-17,13.97
2019-07-18,14.50
2019-07-19,14.45
2019-07-22,14.70
2019-07-23,13.52
2019-07-24,13.10
2019-07-25,13.54
2019-07-26,12.72
2019-07-29,13.17
2019-07-30,14.18
2019-07-31,16.55
2019-08-01,19.46
2019-08-02,20.11
2019-08-05,24.81
2019-08-06,22.87
2019-08-07,23.67
2019-08-08,19.89
2019-08-09,19.44
2019-08-12,21.26
2019-08-13,21.64
2019-08-14,22.71
2019-08-15,24.10
2019-08-16,20.50
2019-08-19,18.22
2019-08-20,17.70
2019-08-21,17.04
2019-08-22,17.68
2019-08-23,21.07
2019-08-26,21.33
2019-08-27,21.04
2019-08-28,21.64
2019-08-29,19.20
2019-08-30,19.18
2019-09-03,21.15
2019-09-04,18.83
2019-09-05,17.05
2019-09-06,16.06
2019-09-09,16.13
2019-09-10,16.52
2019-09-11,15.52
2019-09-12,14.94
2019-09-13,14.31
2019-09-16,15.29
2019-09-17,15.03
2019-09-18,15.80
2019-09-19,14.66
2019-09-20,15.84
2019-09-23,16.00
2019-09-24,17.62
2019-09-25,18.45
2019-09-26,17.09
2019-09-27,18.69
2019-09-30,17.35
2019-10-01,18.62
2019-10-02,21.46
2019-10-03,21.44
2019-10-04,19.97
2019-10-07,18.52
2019-10-08,20.38
2019-10-09,20.00
2019-10-10,19.80
2019-10-11,17.44
2019-10-14,16.50
2019-10-15,14.43
2019-10-16,14.26
2019-10-17,14.18
2019-10-18,15.16
2019-10-21,14.63
2019-10-22,14.61
2019-10-23,15.12
2019-10-24,14.34
2019-10-25,13.79
2019-10-28,13.14
2019-10-29,13.52
2019-10-30,13.77
2019-10-31,13.95
2019-11-01,13.12
2019-11-04,13.13
2019-11-05,13.28
2019-11-06,13.39
2019-11-07,12.89
2019-11-08,13.05
2019-11-11,13.49
2019-11-12,13.10
2019-11-13,13.90
2019-11-14,13.81
2019-11-15,12.97
2019-11-18,13.10
2019-11-19,13.01
2019-11-20,14.17
2019-11-21,13.86
2019-11-22,13.25
2019-11-25,12.59
2019-11-26,12.04
2019-11-27,11.79
2019-11-29,12.83
2019-12-02,15.27
2019-12-03,17.99
2019-12-04,16.40
2019-12-05,15.37
2019-12-06,14.47
2019-12-09,16.07
2019-12-10,16.90
2019-12-11,15.97
2019-12-12,15.55
2019-12-13,14.35
2019-12-16,12.53
2019-12-17,12.47
2019-12-18,12.70
2019-12-19,12.78
2019-12-20,12.61
2019-12-23,12.90
2019-12-24,12.84
2019-12-26,12.75
2019-12-27,13.72
2019-12-30,15.14
2019-12-31,15.39
2020-01-02,13.72
2020-01-03,16.20
2020-01-06,16.39
2020-01-07,14.46
2020-01-08,15.24
2020-01-09,13.24
2020-01-10,12.87
2020-01-13,13.09
2020-01-14,13.82
2020-01-15,12.83
2020-01-16,12.42
2020-01-17,12.48
2020-01-21,13.33
2020-01-22,13.01
2020-01-23,14.15
2020-01-24,15.98
2020-01-27,19.02
2020-01-28,18.03
2020-01-29,16.65
2020-01-30,18.39
2020-01-31,19.99
2020-02-03,18.88
2020-02-04,16.46
2020-02-05,16.32
2020-02-06,15.66
2020-02-07,16.16
