Date,VIX Low
2004-01-02,17.54
2004-01-05,17.44
2004-01-06,16.19
2004-01-07,15.5
2004-01-08,15.32
2004-01-09,15.57
2004-01-12,16.79
2004-01-13,16.53
2004-01-14,16.4
2004-01-15,15.49
2004-01-16,14.9
2004-01-20,15.09
2004-01-21,14.24
2004-01-22,14.01
2004-01-23,14.56
2004-01-26,14.52
2004-01-27,14.74
2004-01-28,15.29
2004-01-29,16.79
2004-01-30,16.55
2004-02-02,16.67
2004-02-03,17.17
2004-02-04,17.46
2004-02-05,17.6
2004-02-06,15.94
2004-02-09,16.12
2004-02-10,15.84
2004-02-11,15.26
2004-02-12,15.23
2004-02-13,14.86
2004-02-17,15.32
2004-02-18,15.3
2004-02-19,15.2
2004-02-20,15.82
2004-02-23,16.25
2004-02-24,15.77
2004-02-25,14.93
2004-02-26,14.69
2004-02-27,13.8
2004-03-01,14.4
2004-03-02,14.18
2004-03-03,14.47
2004-03-04,14.19
2004-03-05,13.83
2004-03-08,14.54
2004-03-09,15.56
2004-03-10,16.11
2004-03-11,17.63
2004-03-12,18.06
2004-03-15,18.86
2004-03-16,19.86
2004-03-17,17.98
2004-03-18,18.35
2004-03-19,17.89
2004-03-22,20.61
2004-03-23,20.01
2004-03-24,19.45
2004-03-25,17.61
2004-03-26,16.67
2004-03-29,16.29
2004-03-30,16.13
2004-03-31,16.23
2004-04-01,16.65
2004-04-02,15.21
2004-04-05,14.81
2004-04-06,15.07
2004-04-07,15.34
2004-04-08,14.96
2004-04-12,15
2004-04-13,15.29
2004-04-14,15.6
2004-04-15,15.22
2004-04-16,14.77
2004-04-19,15.33
2004-04-20,14.79
2004-04-21,15.55
2004-04-22,13.86
2004-04-23,13.89
2004-04-26,14.39
2004-04-27,14.37
2004-04-28,15.55
2004-04-29,15.87
2004-04-30,16.14
2004-05-03,16.61
2004-05-04,15.97
2004-05-05,15.64
2004-05-06,16.45
2004-05-07,16.44
2004-05-10,18.99
2004-05-11,17.94
2004-05-12,18.14
2004-05-13,17.97
2004-05-14,18.06
2004-05-17,19.65
2004-05-18,19.14
2004-05-19,17.58
2004-05-20,18.55
2004-05-21,18
2004-05-24,17.96
2004-05-25,15.73
2004-05-26,15.78
2004-05-27,15.19
2004-05-28,15.39
2004-06-01,16.19
2004-06-02,15.95
2004-06-03,16.16
2004-06-04,15.82
2004-06-07,15.33
2004-06-08,15
2004-06-09,14.56
2004-06-10,14.92
2004-06-14,15.54
2004-06-15,14.72
2004-06-16,14.48
2004-06-17,15
2004-06-18,14.51
2004-06-21,14.96
2004-06-22,14.31
2004-06-23,13.75
2004-06-24,14.16
2004-06-25,14.47
2004-06-28,15.19
2004-06-29,15.22
2004-06-30,14.25
2004-07-01,14.41
2004-07-02,14.8
2004-07-06,16.13
2004-07-07,15.59
2004-07-08,15.5
2004-07-09,15.71
2004-07-12,14.61
2004-07-13,14.28
2004-07-14,13.34
2004-07-15,13.6
2004-07-16,13.95
2004-07-19,14.86
2004-07-20,13.98
2004-07-21,13.91
2004-07-22,15.29
2004-07-23,15.82
2004-07-26,16.98
2004-07-27,16.3
2004-07-28,15.94
2004-07-29,15.42
2004-07-30,15.27
2004-08-02,15.22
2004-08-03,15.28
2004-08-04,15.82
2004-08-05,16.17
2004-08-06,18.18
2004-08-09,18.63
2004-08-10,17.25
2004-08-11,17.84
2004-08-12,18.36
2004-08-13,17.97
2004-08-16,17.42
2004-08-17,16.16
2004-08-18,16.13
2004-08-19,16.31
2004-08-20,15.78
2004-08-23,15.79
2004-08-24,15.33
2004-08-25,14.81
2004-08-26,14.76
2004-08-27,14.67
2004-08-30,15.3
2004-08-31,15.28
2004-09-01,14.72
2004-09-02,14.18
2004-09-03,13.79
2004-09-07,14.03
2004-09-08,13.88
2004-09-09,13.7
2004-09-10,13.69
2004-09-13,13.16
2004-09-14,13.5
2004-09-15,13.68
2004-09-16,14.27
2004-09-17,13.93
2004-09-20,13.98
2004-09-21,13.38
2004-09-22,13.95
2004-09-23,14.61
2004-09-24,14.08
2004-09-27,14.55
2004-09-28,13.69
2004-09-29,13.2
2004-09-30,13.2
2004-10-01,12.6
2004-10-04,12.99
2004-10-05,13.51
2004-10-06,13.24
2004-10-07,13.32
2004-10-08,13.78
2004-10-11,14.28
2004-10-12,14.91
2004-10-13,13.92
2004-10-14,15.22
2004-10-15,14.72
2004-10-18,14.64
2004-10-19,14.32
2004-10-20,14.8
2004-10-21,14.28
2004-10-22,14.31
2004-10-25,16.02
2004-10-26,15.97
2004-10-27,15.66
2004-10-28,15.36
2004-10-29,14.96
2004-11-01,16.18
2004-11-02,15.21
2004-11-03,13.79
2004-11-04,12.95
2004-11-05,13.23
2004-11-08,13.68
2004-11-09,12.89
2004-11-10,12.79
2004-11-11,12.64
2004-11-12,13.04
2004-11-15,13.25
2004-11-16,13.2
2004-11-17,12.77
2004-11-18,12.96
2004-11-19,12.77
2004-11-22,12.94
2004-11-23,12.57
2004-11-24,12.56
2004-11-26,12.59
2004-11-29,12.93
2004-11-30,13.07
2004-12-01,12.77
2004-12-02,12.72
2004-12-03,12.4
2004-12-06,12.93
2004-12-07,12.96
2004-12-08,13.18
2004-12-09,12.77
2004-12-10,12.68
2004-12-13,12.13
2004-12-14,12.21
2004-12-15,12.23
2004-12-16,11.96
2004-12-17,11.87
2004-12-20,11.77
2004-12-21,11.37
2004-12-22,11.37
2004-12-23,11.14
2004-12-27,11.53
2004-12-28,11.97
2004-12-29,11.61
2004-12-30,12.18
2004-12-31,12.42
2005-01-03,13.25
2005-01-04,13.93
2005-01-05,13.26
2005-01-06,13.33
2005-01-07,12.94
2005-01-10,12.94
2005-01-11,13.05
2005-01-12,12.54
2005-01-13,12.37
2005-01-14,12.29
2005-01-18,12.3
2005-01-19,12.41
2005-01-20,13.28
2005-01-21,13.4
2005-01-24,14.17
2005-01-25,13.88
2005-01-26,13.06
2005-01-27,12.96
2005-01-28,12.83
2005-01-31,12.79
2005-02-01,12.02
2005-02-02,11.52
2005-02-03,11.72
2005-02-04,10.9
2005-02-07,11.36
2005-02-08,11.45
2005-02-09,11.41
2005-02-10,11.38
2005-02-11,11.25
2005-02-14,11.18
2005-02-15,11.13
2005-02-16,11.03
2005-02-17,11.21
2005-02-18,11.18
2005-02-22,12.09
2005-02-23,12.3
2005-02-24,11.48
2005-02-25,10.92
2005-02-28,11.73
2005-03-01,11.66
2005-03-02,12.2
2005-03-03,12.23
2005-03-04,11.94
2005-03-07,12.05
2005-03-08,11.95
2005-03-09,12.2
2005-03-10,12.42
2005-03-11,12.11
2005-03-14,12.36
2005-03-15,12.33
2005-03-16,13.19
2005-03-17,13.2
2005-03-18,13.08
2005-03-21,13.33
2005-03-22,13.15
2005-03-23,13.88
2005-03-24,12.97
2005-03-28,13.44
2005-03-29,13.38
2005-03-30,13.64
2005-03-31,13.57
2005-04-01,12.92
2005-04-04,13.96
2005-04-05,13.66
2005-04-06,12.89
2005-04-07,12.3
2005-04-08,11.52
2005-04-11,11.82
2005-04-12,11.2
2005-04-13,11.27
2005-04-14,12.67
2005-04-15,14.71
2005-04-18,16.41
2005-04-19,14.81
2005-04-20,14.52
2005-04-21,14.26
2005-04-22,14.2
2005-04-25,14.6
2005-04-26,14.27
2005-04-27,14.43
2005-04-28,14.19
2005-04-29,15.26
2005-05-02,15.08
2005-05-03,14.53
2005-05-04,13.7
2005-05-05,13.43
2005-05-06,13.11
2005-05-09,13.53
2005-05-10,14.03
2005-05-11,14.31
2005-05-12,14.16
2005-05-13,15.4
2005-05-16,15.67
2005-05-17,14.45
2005-05-18,13.3
2005-05-19,13.25
2005-05-20,13.07
2005-05-23,12.75
2005-05-24,12.53
2005-05-25,12.58
2005-05-26,11.65
2005-05-27,12.06
2005-05-31,12.67
2005-06-01,12.17
2005-06-02,11.8
2005-06-03,11.52
2005-06-06,12.21
2005-06-07,11.47
2005-06-08,12.05
2005-06-09,12.06
2005-06-10,11.9
2005-06-13,11.31
2005-06-14,11.52
2005-06-15,11.05
2005-06-16,11.04
2005-06-17,10.78
2005-06-20,11.31
2005-06-21,11.01
2005-06-22,10.81
2005-06-23,10.96
2005-06-24,11.95
2005-06-27,12.38
2005-06-28,11.55
2005-06-29,11.44
2005-06-30,11.5
2005-07-01,11.38
2005-07-05,11.53
2005-07-06,11.54
2005-07-07,12.48
2005-07-08,11.09
2005-07-11,10.53
2005-07-12,10.85
2005-07-13,10.8
2005-07-14,10.5
2005-07-15,10.13
2005-07-18,10.77
2005-07-19,10.36
2005-07-20,9.88
2005-07-21,10.23
2005-07-22,10.51
2005-07-25,10.7
2005-07-26,10.92
2005-07-27,10.34
2005-07-28,10.27
2005-07-29,10.24
2005-08-01,11.36
2005-08-02,11.69
2005-08-03,11.62
2005-08-04,11.99
2005-08-05,11.82
2005-08-08,12.56
2005-08-09,12.24
2005-08-10,11.51
2005-08-11,11.88
2005-08-12,12.18
2005-08-15,12.08
2005-08-16,12.28
2005-08-17,12.78
2005-08-18,13.01
2005-08-19,12.61
2005-08-22,13.2
2005-08-23,13.3
2005-08-24,13
2005-08-25,13.66
2005-08-26,13.65
2005-08-29,13.38
2005-08-30,13.47
2005-08-31,12.56
2005-09-01,12.31
2005-09-02,13.03
2005-09-06,12.9
2005-09-07,12.44
2005-09-08,12.37
2005-09-09,11.96
2005-09-12,11.45
2005-09-13,11.75
2005-09-14,12.67
2005-09-15,12.28
2005-09-16,11.07
2005-09-19,12.04
2005-09-20,11.83
2005-09-21,12.96
2005-09-22,13.31
2005-09-23,12.75
2005-09-26,12.64
2005-09-27,12.51
2005-09-28,12.37
2005-09-29,12.15
2005-09-30,11.92
2005-10-03,11.98
2005-10-04,12.11
2005-10-05,12.97
2005-10-06,14.04
2005-10-07,14.3
2005-10-10,14.87
2005-10-11,15.06
2005-10-12,15.04
2005-10-13,15.98
2005-10-14,14.83
2005-10-17,14.58
2005-10-18,14.79
2005-10-19,13.47
2005-10-20,13.98
2005-10-21,15.26
2005-10-24,14.61
2005-10-25,14.2
2005-10-26,13.72
2005-10-27,14.57
2005-10-28,14.11
2005-10-31,13.93
2005-11-01,14.65
2005-11-02,13.38
2005-11-03,12.5
2005-11-04,12.69
2005-11-07,12.76
2005-11-08,13.04
2005-11-09,12.42
2005-11-10,11.73
2005-11-11,11.63
2005-11-14,11.77
2005-11-15,11.7
2005-11-16,12.17
2005-11-17,11.25
2005-11-18,10.96
2005-11-21,10.71
2005-11-22,10.5
2005-11-23,10.67
2005-11-25,10.88
2005-11-28,11.33
2005-11-29,11.61
2005-11-30,11.55
2005-12-01,11.14
2005-12-02,10.94
2005-12-05,11.4
2005-12-06,10.96
2005-12-07,11.45
2005-12-08,11.73
2005-12-09,11.56
2005-12-12,10.83
2005-12-13,10.57
2005-12-14,10.39
2005-12-15,10.37
2005-12-16,10.15
2005-12-19,10.65
2005-12-20,11
2005-12-21,10.34
2005-12-22,10.28
2005-12-23,10.24
2005-12-27,10.83
2005-12-28,11.26
2005-12-29,11.14
2005-12-30,11.55
2006-01-03,10.99
2006-01-04,10.97
2006-01-05,11.31
2006-01-06,10.81
2006-01-09,10.98
2006-01-10,10.84
2006-01-11,10.83
2006-01-12,10.94
2006-01-13,11.11
2006-01-17,11.87
2006-01-18,12.2
2006-01-19,11.65
2006-01-20,11.89
2006-01-23,13.58
2006-01-24,13.14
2006-01-25,12.62
2006-01-26,12.19
2006-01-27,11.72
2006-01-30,12.07
2006-01-31,12.45
2006-02-01,12.34
2006-02-02,12.48
2006-02-03,12.64
2006-02-06,12.99
2006-02-07,12.97
2006-02-08,12.76
2006-02-09,12.27
2006-02-10,12.69
2006-02-13,13.05
2006-02-14,12.01
2006-02-15,12.21
2006-02-16,11.13
2006-02-17,11.52
2006-02-21,12.28
2006-02-22,11.68
2006-02-23,11.58
2006-02-24,11.42
2006-02-27,11.4
2006-02-28,11.71
2006-03-01,11.52
2006-03-02,11.56
2006-03-03,11.36
2006-03-06,12.22
2006-03-07,12.64
2006-03-08,12.26
2006-03-09,12.01
2006-03-10,11.79
2006-03-13,10.89
2006-03-14,10.53
2006-03-15,10.98
2006-03-16,10.57
2006-03-17,11.53
2006-03-20,10.79
2006-03-21,11.17
2006-03-22,11.11
2006-03-23,11.11
2006-03-24,11.09
2006-03-27,11.41
2006-03-28,11.38
2006-03-29,10.79
2006-03-30,10.7
2006-03-31,11.27
2006-04-03,11.03
2006-04-04,11.09
2006-04-05,11.06
2006-04-06,11.25
2006-04-07,11.2
2006-04-10,12.04
2006-04-11,12.06
2006-04-12,12.66
2006-04-13,12.28
2006-04-17,12.27
2006-04-18,11.31
2006-04-19,11.23
2006-04-20,11.02
2006-04-21,11.19
2006-04-24,11.67
2006-04-25,11.59
2006-04-26,11.34
2006-04-27,11.55
2006-04-28,11.42
2006-05-01,11.75
2006-05-02,11.93
2006-05-03,11.95
2006-05-04,11.71
2006-05-05,11.18
2006-05-08,11.81
2006-05-09,11.88
2006-05-10,11.78
2006-05-11,11.99
2006-05-12,12.71
2006-05-15,13.44
2006-05-16,12.98
2006-05-17,13.39
2006-05-18,14.96
2006-05-19,15.9
2006-05-22,16.73
2006-05-23,15.36
2006-05-24,17.13
2006-05-25,15.31
2006-05-26,14.26
2006-05-30,15.39
2006-05-31,16.41
2006-06-01,14.48
2006-06-02,13.92
2006-06-05,14.97
2006-06-06,16.65
2006-06-07,16.07
2006-06-08,17.88
2006-06-09,17.07
2006-06-12,17.89
2006-06-13,20.27
2006-06-14,21.45
2006-06-15,15.65
2006-06-16,16.52
2006-06-19,15.73
2006-06-20,16.39
2006-06-21,14.88
2006-06-22,15.56
2006-06-23,14.94
2006-06-26,15.49
2006-06-27,15.27
2006-06-28,15.78
2006-06-29,12.93
2006-06-30,12.74
2006-07-03,12.77
2006-07-05,13.86
2006-07-06,13.25
2006-07-07,13.43
2006-07-10,13.67
2006-07-11,13.1
2006-07-12,13.26
2006-07-13,15.17
2006-07-14,17.28
2006-07-17,17.75
2006-07-18,17.66
2006-07-19,14.47
2006-07-20,14.87
2006-07-21,16.23
2006-07-24,14.89
2006-07-25,14.31
2006-07-26,14.09
2006-07-27,14.07
2006-07-28,14.06
2006-07-31,14.86
2006-08-01,15.03
2006-08-02,13.92
2006-08-03,14.2
2006-08-04,13.65
2006-08-07,14.97
2006-08-08,14.86
2006-08-09,14.07
2006-08-10,14.45
2006-08-11,14.3
2006-08-14,13.41
2006-08-15,13.15
2006-08-16,12.11
2006-08-17,12.21
2006-08-18,11.57
2006-08-21,12.21
2006-08-22,11.93
2006-08-23,12.16
2006-08-24,12.21
2006-08-25,12.08
2006-08-28,12.07
2006-08-29,12.21
2006-08-30,12.1
2006-08-31,12.07
2006-09-01,11.91
2006-09-05,12.43
2006-09-06,13.06
2006-09-07,13.67
2006-09-08,13.05
2006-09-11,12.75
2006-09-12,11.55
2006-09-13,10.99
2006-09-14,10.74
2006-09-15,11.4
2006-09-18,11.58
2006-09-19,11.86
2006-09-20,11.34
2006-09-21,11.28
2006-09-22,12.47
2006-09-25,11.93
2006-09-26,11.51
2006-09-27,11.42
2006-09-28,11.59
2006-09-29,11.72
2006-10-02,12.11
2006-10-03,11.97
2006-10-04,11.62
2006-10-05,11.65
2006-10-06,11.55
2006-10-09,11.58
2006-10-10,11.47
2006-10-11,11.31
2006-10-12,11.09
2006-10-13,10.75
2006-10-16,10.91
2006-10-17,11.35
2006-10-18,11.33
2006-10-19,10.78
2006-10-20,10.44
2006-10-23,10.62
2006-10-24,10.78
2006-10-25,10.6
2006-10-26,10.47
2006-10-27,10.53
2006-10-30,10.92
2006-10-31,10.99
2006-11-01,10.89
2006-11-02,11.41
2006-11-03,10.34
2006-11-06,10.99
2006-11-07,10.87
2006-11-08,10.7
2006-11-09,10.57
2006-11-10,10.77
2006-11-13,10.69
2006-11-14,10.14
2006-11-15,10.13
2006-11-16,10.04
2006-11-17,10.05
2006-11-20,9.91
2006-11-21,9.84
2006-11-22,9.81
2006-11-24,10.56
2006-11-27,11.14
2006-11-28,11.56
2006-11-29,10.67
2006-11-30,10.58
2006-12-01,10.96
2006-12-04,10.98
2006-12-05,10.85
2006-12-06,11.19
2006-12-07,11.17
2006-12-08,11.91
2006-12-11,10.71
2006-12-12,10.35
2006-12-13,10.15
2006-12-14,9.64
2006-12-15,9.39
2006-12-18,10.46
2006-12-19,10.27
2006-12-20,10.03
2006-12-21,10.13
2006-12-22,10.59
2006-12-26,11.24
2006-12-27,10.59
2006-12-28,10.73
2006-12-29,10.71
2007-01-03,11.53
2007-01-04,11.28
2007-01-05,11.68
2007-01-08,11.78
2007-01-09,11.69
2007-01-10,11.43
2007-01-11,10.5
2007-01-12,10.14
2007-01-16,10.4
2007-01-17,10.35
2007-01-18,10.45
2007-01-19,10.24
2007-01-22,10.62
2007-01-23,10.22
2007-01-24,9.87
2007-01-25,9.95
2007-01-26,10.92
2007-01-29,10.92
2007-01-30,10.95
2007-01-31,10.27
2007-02-01,10.14
2007-02-02,9.96
2007-02-05,10.44
2007-02-06,10.44
2007-02-07,10.24
2007-02-08,10.4
2007-02-09,10.25
2007-02-12,11.3
2007-02-13,10.33
2007-02-14,9.7
2007-02-15,10.05
2007-02-16,9.98
2007-02-20,10.14
2007-02-21,10.17
2007-02-22,10.01
2007-02-23,10.36
2007-02-26,10.52
2007-02-27,12.1
2007-02-28,14.5
2007-03-01,15.36
2007-03-02,16.04
2007-03-05,18.13
2007-03-06,15.76
2007-03-07,14.52
2007-03-08,13.48
2007-03-09,13.67
2007-03-12,13.76
2007-03-13,14.6
2007-03-14,16.75
2007-03-15,15.27
2007-03-16,15.29
2007-03-19,14.58
2007-03-20,13.25
2007-03-21,11.21
2007-03-22,12.04
2007-03-23,12.46
2007-03-26,12.91
2007-03-27,13.35
2007-03-28,14.22
2007-03-29,14.34
2007-03-30,14.14
2007-04-02,14.4
2007-04-03,12.81
2007-04-04,13.2
2007-04-05,12.69
2007-04-09,12.89
2007-04-10,12.56
2007-04-11,12.72
2007-04-12,12.58
2007-04-13,12.13
2007-04-16,11.46
2007-04-17,11.5
2007-04-18,11.95
2007-04-19,12.41
2007-04-20,11.97
2007-04-23,12.48
2007-04-24,13.04
2007-04-25,12.58
2007-04-26,12.67
2007-04-27,12.41
2007-04-30,12.78
2007-05-01,13.48
2007-05-02,12.55
2007-05-03,12.89
2007-05-04,12.59
2007-05-07,13.11
2007-05-08,13.16
2007-05-09,12.54
2007-05-10,12.89
2007-05-11,12.63
2007-05-14,13.01
2007-05-15,13.27
2007-05-16,13.47
2007-05-17,13.25
2007-05-18,12.69
2007-05-21,12.7
2007-05-22,12.08
2007-05-23,12.55
2007-05-24,12.92
2007-05-25,13.23
2007-05-29,13.31
2007-05-30,12.82
2007-05-31,12.62
2007-06-01,12.43
2007-06-04,13.21
2007-06-05,13.54
2007-06-06,14.06
2007-06-07,14.89
2007-06-08,14.73
2007-06-11,14.24
2007-06-12,14.77
2007-06-13,14.67
2007-06-14,13.59
2007-06-15,12.58
2007-06-18,13.35
2007-06-19,12.79
2007-06-20,12.75
2007-06-21,14.17
2007-06-22,14.31
2007-06-25,15.41
2007-06-26,16.21
2007-06-27,15.44
2007-06-28,14.98
2007-06-29,14.62
2007-07-02,15.31
2007-07-03,14.85
2007-07-05,15.17
2007-07-06,14.67
2007-07-09,15.03
2007-07-10,15.83
2007-07-11,16.64
2007-07-12,14.93
2007-07-13,14.79
2007-07-16,15.27
2007-07-17,15.31
2007-07-18,15.95
2007-07-19,15.06
2007-07-20,15.36
2007-07-23,16.39
2007-07-24,17.48
2007-07-25,17.38
2007-07-26,19.3
2007-07-27,19.6
2007-07-30,20.86
2007-07-31,19.68
2007-08-01,23.26
2007-08-02,21.2
2007-08-03,21.09
2007-08-06,22.44
2007-08-07,20.79
2007-08-08,19.33
2007-08-09,23.84
2007-08-10,26.91
2007-08-13,25.48
2007-08-14,25.31
2007-08-15,26.16
2007-08-16,30.44
2007-08-17,25.23
2007-08-20,25.8
2007-08-21,24.77
2007-08-22,22.87
2007-08-23,22.05
2007-08-24,20.44
2007-08-27,21.96
2007-08-28,23.72
2007-08-29,23.44
2007-08-30,23.69
2007-08-31,22.47
2007-09-04,21.71
2007-09-05,23.8
2007-09-06,23.66
2007-09-07,25.6
2007-09-10,26.56
2007-09-11,25.19
2007-09-12,24.57
2007-09-13,23.83
2007-09-14,24.68
2007-09-17,25.8
2007-09-18,20.27
2007-09-19,19.17
2007-09-20,19.55
2007-09-21,18.37
2007-09-24,18.32
2007-09-25,18.44
2007-09-26,17.3
2007-09-27,16.95
2007-09-28,16.91
2007-10-01,17.11
2007-10-02,17.6
2007-10-03,18.31
2007-10-04,18.26
2007-10-05,16.44
2007-10-08,17.32
2007-10-09,16.09
2007-10-10,16.39
2007-10-11,16.08
2007-10-12,17.49
2007-10-15,17.95
2007-10-16,19.73
2007-10-17,18.28
2007-10-18,17.73
2007-10-19,19.02
2007-10-22,21.38
2007-10-23,20.13
2007-10-24,20.59
2007-10-25,20.04
2007-10-26,19.48
2007-10-29,19.54
2007-10-30,20.31
2007-10-31,18.3
2007-11-01,17.38
2007-11-02,22.56
2007-11-05,23.61
2007-11-06,21.24
2007-11-07,22.75
2007-11-08,25.32
2007-11-09,26.21
2007-11-12,24.47
2007-11-13,23.82
2007-11-14,23.07
2007-11-15,25.98
2007-11-16,25.12
2007-11-19,25.74
2007-11-20,23.62
2007-11-21,24.55
2007-11-23,25.35
2007-11-26,25.84
2007-11-27,26.23
2007-11-28,23.55
2007-11-29,23.35
2007-11-30,22
2007-12-03,23.4
2007-12-04,23.32
2007-12-05,21.87
2007-12-06,20.87
2007-12-07,20.29
2007-12-10,20.36
2007-12-11,19.77
2007-12-12,20.49
2007-12-13,22.41
2007-12-14,22.26
2007-12-17,23.42
2007-12-18,22.41
2007-12-19,21.3
2007-12-20,20.58
2007-12-21,18.28
2007-12-24,18.48
2007-12-26,18.6
2007-12-27,19.15
2007-12-28,19.44
2007-12-31,21.79
2008-01-02,22.4
2008-01-03,22.11
2008-01-04,23.25
2008-01-07,23.3
2008-01-08,22.63
2008-01-09,23.9
2008-01-10,22.62
2008-01-11,23.22
2008-01-14,22.65
2008-01-15,22.97
2008-01-16,22.85
2008-01-17,23.87
2008-01-18,26.27
2008-01-22,29.71
2008-01-23,28.47
2008-01-24,27.03
2008-01-25,25.93
2008-01-28,27.57
2008-01-29,26.55
2008-01-30,24.74
2008-01-31,25.45
2008-02-01,24.02
2008-02-04,24.85
2008-02-05,27.2
2008-02-06,27.04
2008-02-07,26.78
2008-02-08,27.22
2008-02-11,27.32
2008-02-12,25.25
2008-02-13,24.57
2008-02-14,23.98
2008-02-15,24.45
2008-02-19,24.73
2008-02-20,24.21
2008-02-21,23.74
2008-02-22,23.62
2008-02-25,22.69
2008-02-26,21.64
2008-02-27,21.83
2008-02-28,22.69
2008-02-29,23.54
2008-03-03,26.27
2008-03-04,25.51
2008-03-05,23.3
2008-03-06,25.04
2008-03-07,22.29
2008-03-10,27.92
2008-03-11,26.35
2008-03-12,24.9
2008-03-13,25.65
2008-03-14,26.02
2008-03-17,31.1
2008-03-18,25.58
2008-03-19,25.16
2008-03-20,25.8
2008-03-24,24.75
2008-03-25,25.17
2008-03-26,25.51
2008-03-27,24.91
2008-03-28,25.04
2008-03-31,25.35
2008-04-01,22.52
2008-04-02,22.39
2008-04-03,23
2008-04-04,21.75
2008-04-07,21.21
2008-04-08,22.36
2008-04-09,22.36
2008-04-10,21.63
2008-04-11,22.65
2008-04-14,23.46
2008-04-15,22.72
2008-04-16,20.5
2008-04-17,20.35
2008-04-18,19.21
2008-04-21,20.15
2008-04-22,20.47
2008-04-23,19.88
2008-04-24,19.21
2008-04-25,19.28
2008-04-28,19.37
2008-04-29,19.63
2008-04-30,19.69
2008-05-01,18.87
2008-05-02,17.97
2008-05-05,18.68
2008-05-06,18.11
2008-05-07,18.42
2008-05-08,18.62
2008-05-09,19.3
2008-05-12,16.92
2008-05-13,17.76
2008-05-14,16.74
2008-05-15,16.25
2008-05-16,16.3
2008-05-19,15.82
2008-05-20,17.02
2008-05-21,17.01
2008-05-22,17.82
2008-05-23,18.38
2008-05-27,19.42
2008-05-28,19.01
2008-05-29,17.54
2008-05-30,17.56
2008-06-02,17.83
2008-06-03,18.89
2008-06-04,19.76
2008-06-05,18.62
2008-06-06,18.63
2008-06-09,20.78
2008-06-10,22.31
2008-06-11,22.86
2008-06-12,21.91
2008-06-13,21.04
2008-06-16,20.73
2008-06-17,20.02
2008-06-18,21.26
2008-06-19,20.91
2008-06-20,21.58
2008-06-23,22.52
2008-06-24,21.68
2008-06-25,20.34
2008-06-26,22.15
2008-06-27,23.3
2008-06-30,23.27
2008-07-01,23.64
2008-07-02,22.7
2008-07-03,24.44
2008-07-07,24.73
2008-07-08,23.02
2008-07-09,22.59
2008-07-10,25.07
2008-07-11,25.56
2008-07-14,26.9
2008-07-15,27.01
2008-07-16,24.87
2008-07-17,23.99
2008-07-18,23.78
2008-07-21,23.04
2008-07-22,21.05
2008-07-23,20.73
2008-07-24,21.31
2008-07-25,22.31
2008-07-28,22.91
2008-07-29,21.96
2008-07-30,20.99
2008-07-31,21.45
2008-08-01,22.35
2008-08-04,22.94
2008-08-05,20.06
2008-08-06,19.75
2008-08-07,20.23
2008-08-08,20.11
2008-08-11,19.66
2008-08-12,20.38
2008-08-13,20.8
2008-08-14,20.07
2008-08-15,19.57
2008-08-18,19.58
2008-08-19,21.28
2008-08-20,20.39
2008-08-21,18.94
2008-08-22,18.64
2008-08-25,18.78
2008-08-26,20.48
2008-08-27,19.53
2008-08-28,19.22
2008-08-29,19.43
2008-09-02,20.47
2008-09-03,21.39
2008-09-04,21.91
2008-09-05,22.97
2008-09-08,22.12
2008-09-09,22.58
2008-09-10,23.8
2008-09-11,24.39
2008-09-12,24.8
2008-09-15,25.66
2008-09-16,30.24
2008-09-17,30.25
2008-09-18,33.1
2008-09-19,27.95
2008-09-22,30.81
2008-09-23,32.63
2008-09-24,34.16
2008-09-25,32.45
2008-09-26,32.82
2008-09-29,36.92
2008-09-30,38.86
2008-10-01,39.39
2008-10-02,39.82
2008-10-03,41.51
2008-10-06,45.12
2008-10-07,47.03
2008-10-08,51.9
2008-10-09,52.54
2008-10-10,65.63
2008-10-13,54.69
2008-10-14,46.35
2008-10-15,55.69
2008-10-16,66.51
2008-10-17,59.82
2008-10-20,52.7
2008-10-21,50.91
2008-10-22,60.05
2008-10-23,64.43
2008-10-24,67.8
2008-10-27,65.9
2008-10-28,65.66
2008-10-29,62.72
2008-10-30,62.67
2008-10-31,56.73
2008-11-03,53.63
2008-11-04,44.25
2008-11-05,46.87
2008-11-06,55.6
2008-11-07,56.03
2008-11-10,54.63
2008-11-11,58.58
2008-11-12,61.52
2008-11-13,58.66
2008-11-14,59.75
2008-11-17,65.1
2008-11-18,67.18
2008-11-19,67.34
2008-11-20,72.76
2008-11-21,71.63
2008-11-24,61.81
2008-11-25,60.25
2008-11-26,54.62
2008-11-28,50.5
2008-12-01,60.36
2008-12-02,62.31
2008-12-03,60.18
2008-12-04,60.21
2008-12-05,59.26
2008-12-08,57.35
2008-12-09,56.37
2008-12-10,53.79
2008-12-11,52.94
2008-12-12,54.26
2008-12-15,55.68
2008-12-16,50.91
2008-12-17,49.36
2008-12-18,44.5
2008-12-19,41.29
2008-12-22,42.75
2008-12-23,41.68
2008-12-24,44.15
2008-12-26,42.92
2008-12-29,42.16
2008-12-30,41.63
2008-12-31,37.96
2009-01-02,36.88
2009-01-05,38.3
2009-01-06,37.34
2009-01-07,40.12
2009-01-08,42.56
2009-01-09,41.05
2009-01-12,41.94
2009-01-13,43.23
2009-01-14,46.14
2009-01-15,49.14
2009-01-16,45.96
2009-01-20,49.27
2009-01-21,46.15
2009-01-22,46.51
2009-01-23,46.43
2009-01-26,44.29
2009-01-27,42.2
2009-01-28,38.09
2009-01-29,41.12
2009-01-30,42.09
2009-02-02,45.26
2009-02-03,42.43
2009-02-04,41.39
2009-02-05,42.32
2009-02-06,41.2
2009-02-09,43.04
2009-02-10,44.18
2009-02-11,44.5
2009-02-12,41.21
2009-02-13,40.73
2009-02-17,46.96
2009-02-18,46
2009-02-19,44.81
2009-02-20,47.08
2009-02-23,48.97
2009-02-24,44.28
2009-02-25,42.84
2009-02-26,41.91
2009-02-27,44.46
2009-03-02,48.35
2009-03-03,48.5
2009-03-04,45.02
2009-03-05,46.98
2009-03-06,47.65
2009-03-09,48.4
2009-03-10,43.88
2009-03-11,42.36
2009-03-12,40.75
2009-03-13,40.03
2009-03-16,42.36
2009-03-17,40.74
2009-03-18,38.98
2009-03-19,38.79
2009-03-20,43.07
2009-03-23,41.27
2009-03-24,41.63
2009-03-25,40.81
2009-03-26,40.17
2009-03-27,40.36
2009-03-30,44.86
2009-03-31,42.27
2009-04-01,42.26
2009-04-02,40.3
2009-04-03,39.64
2009-04-06,40.83
2009-04-07,40.36
2009-04-08,38.7
2009-04-09,36.53
2009-04-13,37.51
2009-04-14,36.88
2009-04-15,36.1
2009-04-16,34.88
2009-04-17,33.68
2009-04-20,33.94
2009-04-21,36.95
2009-04-22,36.01
2009-04-23,37.01
2009-04-24,36.37
2009-04-27,37.97
2009-04-28,37.42
2009-04-29,35.37
2009-04-30,34.5
2009-05-01,34.88
2009-05-04,34.31
2009-05-05,33.36
2009-05-06,32.43
2009-05-07,31.91
2009-05-08,31.19
2009-05-11,32.05
2009-05-12,31.57
2009-05-13,32.56
2009-05-14,31.32
2009-05-15,30.59
2009-05-18,30
2009-05-19,28.35
2009-05-20,26.57
2009-05-21,29.03
2009-05-22,30.57
2009-05-26,30.38
2009-05-27,29.62
2009-05-28,31.1
2009-05-29,28.85
2009-06-01,28.45
2009-06-02,28.3
2009-06-03,29.62
2009-06-04,29.92
2009-06-05,28.85
2009-06-08,29.33
2009-06-09,27.79
2009-06-10,26.9
2009-06-11,26.81
2009-06-12,27.73
2009-06-15,29.64
2009-06-16,30.07
2009-06-17,30.64
2009-06-18,29.6
2009-06-19,27.56
2009-06-22,30.3
2009-06-23,30.19
2009-06-24,28.79
2009-06-25,26.3
2009-06-26,25.76
2009-06-29,25.29
2009-06-30,25.02
2009-07-01,24.8
2009-07-02,26.22
2009-07-06,28.99
2009-07-07,28.9
2009-07-08,30.43
2009-07-09,29.28
2009-07-10,28.82
2009-07-13,25.42
2009-07-14,24.99
2009-07-15,23.83
2009-07-16,24.51
2009-07-17,23.88
2009-07-20,24.26
2009-07-21,23.81
2009-07-22,23.24
2009-07-23,23.21
2009-07-24,23
2009-07-27,24.02
2009-07-28,24.28
2009-07-29,25.41
2009-07-30,24.85
2009-07-31,24.93
2009-08-03,25.56
2009-08-04,24.89
2009-08-05,24.86
2009-08-06,24.47
2009-08-07,23.98
2009-08-10,24.76
2009-08-11,24.98
2009-08-12,25.11
2009-08-13,24.71
2009-08-14,24.26
2009-08-17,24.27
2009-08-18,26.08
2009-08-19,26.14
2009-08-20,24.75
2009-08-21,23.91
2009-08-24,25.01
2009-08-25,23.68
2009-08-26,24.69
2009-08-27,24.43
2009-08-28,24.28
2009-08-31,24.76
2009-09-01,26
2009-09-02,28.41
2009-09-03,26.98
2009-09-04,24.86
2009-09-08,25.26
2009-09-09,24.23
2009-09-10,22.82
2009-09-11,22.48
2009-09-14,23.32
2009-09-15,23.07
2009-09-16,22.78
2009-09-17,22.79
2009-09-18,23.14
2009-09-21,23.71
2009-09-22,23.06
2009-09-23,22.19
2009-09-24,23.44
2009-09-25,24.81
2009-09-28,24.85
2009-09-29,24.54
2009-09-30,24.76
2009-10-01,25.98
2009-10-02,27.98
2009-10-05,26.57
2009-10-06,25.19
2009-10-07,24.57
2009-10-08,23.9
2009-10-09,22.99
2009-10-12,22.67
2009-10-13,22.74
2009-10-14,21.55
2009-10-15,21.49
2009-10-16,20.98
2009-10-19,20.91
2009-10-20,20.9
2009-10-21,20.1
2009-10-22,20.33
2009-10-23,20.34
2009-10-26,21.89
2009-10-27,24.03
2009-10-28,24.83
2009-10-29,24.68
2009-10-30,24.76
2009-11-02,28.07
2009-11-03,28.77
2009-11-04,26.61
2009-11-05,25.41
2009-11-06,24.06
2009-11-09,22.78
2009-11-10,22.78
2009-11-11,21.61
2009-11-12,22.91
2009-11-13,23.22
2009-11-16,22.02
2009-11-17,22.27
2009-11-18,21.63
2009-11-19,21.63
2009-11-20,22.14
2009-11-23,20.9
2009-11-24,20.35
2009-11-25,20.05
2009-11-27,23.12
2009-11-30,24.19
2009-12-01,21.88
2009-12-02,21.01
2009-12-03,20.61
2009-12-04,20.62
2009-12-07,21.6
2009-12-08,22.84
2009-12-09,22.54
2009-12-10,21.77
2009-12-11,21.39
2009-12-14,20.57
2009-12-15,20.91
2009-12-16,20.46
2009-12-17,21.4
2009-12-18,21.68
2009-12-21,20.28
2009-12-22,19.54
2009-12-23,19.35
2009-12-24,19.25
2009-12-28,19.9
2009-12-29,19.62
2009-12-30,19.93
2009-12-31,19.89
2010-01-04,20.03
2010-01-05,19.34
2010-01-06,18.77
2010-01-07,18.7
2010-01-08,18.11
2010-01-11,16.86
2010-01-12,17.95
2010-01-13,17.56
2010-01-14,17.38
2010-01-15,17.63
2010-01-19,17.33
2010-01-20,18.44
2010-01-21,18.27
2010-01-22,22.27
2010-01-25,24.61
2010-01-26,22.77
2010-01-27,23.14
2010-01-28,22.69
2010-01-29,22.11
2010-02-01,22.58
2010-02-02,21.08
2010-02-03,21.33
2010-02-04,22.63
2010-02-05,25.37
2010-02-08,25.48
2010-02-09,24.78
2010-02-10,24.8
2010-02-11,23.87
2010-02-12,22.73
2010-02-16,22.13
2010-02-17,21.7
2010-02-18,20.6
2010-02-19,19.71
2010-02-22,19.59
2010-02-23,20.06
2010-02-24,20.22
2010-02-25,20.06
2010-02-26,19.32
2010-03-01,19.18
2010-03-02,18.6
2010-03-03,18.42
2010-03-04,18.58
2010-03-05,17.23
2010-03-08,17.56
2010-03-09,17.51
2010-03-10,17.43
2010-03-11,18.06
2010-03-12,17.58
2010-03-15,17.96
2010-03-16,17.42
2010-03-17,16.52
2010-03-18,16.31
2010-03-19,16.17
2010-03-22,16.77
2010-03-23,16.21
2010-03-24,16.83
2010-03-25,16.62
2010-03-26,17.35
2010-03-29,17.57
2010-03-30,17.13
2010-03-31,17.29
2010-04-01,16.79
2010-04-05,17.02
2010-04-06,16.08
2010-04-07,16.16
2010-04-08,16.3
2010-04-09,16.06
2010-04-12,15.23
2010-04-13,15.81
2010-04-14,15.55
2010-04-15,15.68
2010-04-16,16.11
2010-04-19,17.34
2010-04-20,15.73
2010-04-21,15.5
2010-04-22,16.2
2010-04-23,16.12
2010-04-26,17.07
2010-04-27,17.94
2010-04-28,20.86
2010-04-29,18.44
2010-04-30,18.41
2010-05-03,19.61
2010-05-04,22.46
2010-05-05,23.75
2010-05-06,24.43
2010-05-07,31.71
2010-05-10,25.68
2010-05-11,25.86
2010-05-12,24.98
2010-05-13,24.3
2010-05-14,28.4
2010-05-17,30.76
2010-05-18,28.09
2010-05-19,33.07
2010-05-20,40.3
2010-05-21,38.95
2010-05-24,35.57
2010-05-25,34.59
2010-05-26,24.1
2010-05-27,29.54
2010-05-28,29.53
2010-06-01,31.82
2010-06-02,29.94
2010-06-03,29.12
2010-06-04,31.81
2010-06-07,34.43
2010-06-08,33.36
2010-06-09,30.23
2010-06-10,29.69
2010-06-11,28.6
2010-06-14,26.98
2010-06-15,25.68
2010-06-16,25.34
2010-06-17,25.05
2010-06-18,23.3
2010-06-21,22.87
2010-06-22,24.41
2010-06-23,26.54
2010-06-24,27.53
2010-06-25,28.07
2010-06-28,28.47
2010-06-29,31.22
2010-06-30,31.74
2010-07-01,32.72
2010-07-02,29.35
2010-07-06,27.96
2010-07-07,26.84
2010-07-08,25.71
2010-07-09,24.37
2010-07-12,23.53
2010-07-13,23.12
2010-07-14,24.18
2010-07-15,24.74
2010-07-16,25.71
2010-07-19,25.12
2010-07-20,23.79
2010-07-21,23.59
2010-07-22,23.72
2010-07-23,23.32
2010-07-26,22.7
2010-07-27,21.86
2010-07-28,22.24
2010-07-29,23.04
2010-07-30,23.35
2010-08-02,21.74
2010-08-03,21.98
2010-08-04,22.16
2010-08-05,22.07
2010-08-06,21.72
2010-08-09,21.36
2010-08-10,22.17
2010-08-11,24.96
2010-08-12,25.18
2010-08-13,25.45
2010-08-16,25.38
2010-08-17,23.71
2010-08-18,23.4
2010-08-19,24.26
2010-08-20,25.49
2010-08-23,24.62
2010-08-24,26.32
2010-08-25,26.46
2010-08-26,25.86
2010-08-27,24.41
2010-08-30,25.41
2010-08-31,25.93
2010-09-01,23.86
2010-09-02,23.15
2010-09-03,21.24
2010-09-07,22.77
2010-09-08,22.92
2010-09-09,22.14
2010-09-10,21.76
2010-09-13,20.93
2010-09-14,20.85
2010-09-15,22.1
2010-09-16,21.71
2010-09-17,21.63
2010-09-20,21.25
2010-09-21,21.42
2010-09-22,21.91
2010-09-23,22.56
2010-09-24,21.71
2010-09-27,21.97
2010-09-28,22.4
2010-09-29,22.72
2010-09-30,22.39
2010-10-01,22.46
2010-10-04,23.3
2010-10-05,21.71
2010-10-06,21.46
2010-10-07,21.28
2010-10-08,20.29
2010-10-11,18.8
2010-10-12,18.55
2010-10-13,17.9
2010-10-14,19.4
2010-10-15,19.02
2010-10-18,18.88
2010-10-19,19.33
2010-10-20,19.67
2010-10-21,18.93
2010-10-22,18.76
2010-10-25,18.86
2010-10-26,20.22
2010-10-27,20.69
2010-10-28,20.18
2010-10-29,20.86
2010-11-01,20.92
2010-11-02,21.22
2010-11-03,19.54
2010-11-04,17.97
2010-11-05,17.92
2010-11-08,18.21
2010-11-09,17.83
2010-11-10,18.41
2010-11-11,18.48
2010-11-12,19.29
2010-11-15,19.14
2010-11-16,20.95
2010-11-17,21.22
2010-11-18,18.75
2010-11-19,17.76
2010-11-22,18.35
2010-11-23,20.24
2010-11-24,18.73
2010-11-26,20.28
2010-11-29,21.38
2010-11-30,22.42
2010-12-01,20.4
2010-12-02,19.1
2010-12-03,17.71
2010-12-06,17.95
2010-12-07,17.13
2010-12-08,17.69
2010-12-09,17.24
2010-12-10,17.06
2010-12-13,16.68
2010-12-14,17.22
2010-12-15,17.37
2010-12-16,16.88
2010-12-17,15.46
2010-12-20,15.78
2010-12-21,16.08
2010-12-22,15.45
2010-12-23,15.4
2010-12-27,17.66
2010-12-28,17.3
2010-12-29,17.02
2010-12-30,17.46
2010-12-31,17.75
2011-01-03,16.91
2011-01-04,17.33
2011-01-05,16.86
2011-01-06,16.79
2011-01-07,16.57
2011-01-10,17.54
2011-01-11,16.6
2011-01-12,16.17
2011-01-13,16.14
2011-01-14,15.37
2011-01-18,15.71
2011-01-19,15.86
2011-01-20,17.65
2011-01-21,16.6
2011-01-24,17.56
2011-01-25,17.59
2011-01-26,16.59
2011-01-27,15.81
2011-01-28,15.92
2011-01-31,17.1
2011-02-01,17.4
2011-02-02,17.28
2011-02-03,16.61
2011-02-04,15.89
2011-02-07,15.84
2011-02-08,14.86
2011-02-09,15.86
2011-02-10,16
2011-02-11,15.55
2011-02-14,15.22
2011-02-15,16.27
2011-02-16,15.84
2011-02-17,15.88
2011-02-18,15.54
2011-02-22,18.38
2011-02-23,20.3
2011-02-24,20.81
2011-02-25,18.88
2011-02-28,18.14
2011-03-01,17.63
2011-03-02,19.62
2011-03-03,18.25
2011-03-04,18.31
2011-03-07,18.95
2011-03-08,19.15
2011-03-09,19.41
2011-03-10,20.34
2011-03-11,19.97
2011-03-14,20.92
2011-03-15,23.31
2011-03-16,24.04
2011-03-17,25.44
2011-03-18,23.09
2011-03-21,20.22
2011-03-22,19.97
2011-03-23,18.19
2011-03-24,17.87
2011-03-25,17.07
2011-03-28,17.96
2011-03-29,18
2011-03-30,17.25
2011-03-31,17.41
2011-04-01,16.44
2011-04-04,17.39
2011-04-05,16.5
2011-04-06,16.5
2011-04-07,16.49
2011-04-08,16.51
2011-04-11,16.22
2011-04-12,16.88
2011-04-13,16.2
2011-04-14,16.08
2011-04-15,14.92
2011-04-18,16.81
2011-04-19,15.69
2011-04-20,14.3
2011-04-21,14.4
2011-04-25,15.5
2011-04-26,15.07
2011-04-27,15.13
2011-04-28,14.27
2011-04-29,14.49
2011-05-02,15.07
2011-05-03,16.13
2011-05-04,16.83
2011-05-05,16.74
2011-05-06,16.12
2011-05-09,17.04
2011-05-10,15.79
2011-05-11,16.23
2011-05-12,16.03
2011-05-13,15.98
2011-05-16,16.61
2011-05-17,17.47
2011-05-18,16.03
2011-05-19,15.5
2011-05-20,15.7
2011-05-23,17.47
2011-05-24,17
2011-05-25,16.7
2011-05-26,15.9
2011-05-27,15.36
2011-05-31,15.15
2011-06-01,15.95
2011-06-02,17.39
2011-06-03,17.12
2011-06-06,17.65
2011-06-07,17.39
2011-06-08,17.72
2011-06-09,17.26
2011-06-10,17.93
2011-06-13,18.41
2011-06-14,17.8
2011-06-15,19.03
2011-06-16,20.81
2011-06-17,20.35
2011-06-20,19.99
2011-06-21,17.72
2011-06-22,17.72
2011-06-23,19.22
2011-06-24,19.1
2011-06-27,20.27
2011-06-28,19.17
2011-06-29,16.32
2011-06-30,15.88
2011-07-01,15.12
2011-07-05,15.89
2011-07-06,16.32
2011-07-07,15.3
2011-07-08,15.95
2011-07-11,17.16
2011-07-12,18.25
2011-07-13,18.09
2011-07-14,19.35
2011-07-15,19.52
2011-07-18,20.9
2011-07-19,19.12
2011-07-20,18.61
2011-07-21,17.15
2011-07-22,17.14
2011-07-25,18.73
2011-07-26,19.56
2011-07-27,20.87
2011-07-28,21.2
2011-07-29,23.65
2011-08-01,22.46
2011-08-02,22.65
2011-08-03,22.76
2011-08-04,24.31
2011-08-05,27.54
2011-08-08,35.29
2011-08-09,34.28
2011-08-10,37.34
2011-08-11,37.5
2011-08-12,34.01
2011-08-15,31.47
2011-08-16,31.68
2011-08-17,30.81
2011-08-18,36.69
2011-08-19,39.99
2011-08-22,38.78
2011-08-23,35.83
2011-08-24,34.55
2011-08-25,34.05
2011-08-26,34.33
2011-08-29,32.21
2011-08-30,31.55
2011-08-31,30.16
2011-09-01,30.76
2011-09-02,32.7
2011-09-06,37
2011-09-07,33.38
2011-09-08,32.79
2011-09-09,35.53
2011-09-12,38.58
2011-09-13,36.69
2011-09-14,33.4
2011-09-15,31.75
2011-09-16,30.43
2011-09-19,32.35
2011-09-20,31.45
2011-09-21,32.45
2011-09-22,39.33
2011-09-23,40.42
2011-09-26,39.02
2011-09-27,35.32
2011-09-28,36.65
2011-09-29,38.03
2011-09-30,39.88
2011-10-03,41.51
2011-10-04,40.02
2011-10-05,37.51
2011-10-06,36.15
2011-10-07,35.19
2011-10-10,32.96
2011-10-11,32.62
2011-10-12,29.79
2011-10-13,30.48
2011-10-14,28.08
2011-10-17,30.12
2011-10-18,29.69
2011-10-19,31.91
2011-10-20,34.16
2011-10-21,31.32
2011-10-24,28.84
2011-10-25,30.32
2011-10-26,29.63
2011-10-27,24.7
2011-10-28,24.44
2011-10-31,27.01
2011-11-01,33.87
2011-11-02,32.55
2011-11-03,30.21
2011-11-04,30.14
2011-11-07,29.85
2011-11-08,27.47
2011-11-09,30.98
2011-11-10,32.12
2011-11-11,29.45
2011-11-14,31.13
2011-11-15,30.4
2011-11-16,30.54
2011-11-17,32.89
2011-11-18,31.92
2011-11-21,32.53
2011-11-22,31.28
2011-11-23,32.68
2011-11-25,33.12
2011-11-28,29.47
2011-11-29,30.56
2011-11-30,27.03
2011-12-01,26.64
2011-12-02,25.29
2011-12-05,26
2011-12-06,27.41
2011-12-07,28.44
2011-12-08,29.02
2011-12-09,26.29
2011-12-12,25.64
2011-12-13,23.27
2011-12-14,25.76
2011-12-15,23.88
2011-12-16,23.51
2011-12-19,24.38
2011-12-20,22.54
2011-12-21,21.12
2011-12-22,20.34
2011-12-23,20.72
2011-12-27,21.68
2011-12-28,22.11
2011-12-29,22.65
2011-12-30,22.65
2012-01-03,22.54
2012-01-04,22.22
2012-01-05,21.34
2012-01-06,20.58
2012-01-09,21
2012-01-10,20.05
2012-01-11,20.98
2012-01-12,20.46
2012-01-13,20.91
2012-01-17,20.69
2012-01-18,20.78
2012-01-19,19.45
2012-01-20,18.16
2012-01-23,18.55
2012-01-24,18.63
2012-01-25,17.15
2012-01-26,16.8
2012-01-27,18.26
2012-01-30,19.38
2012-01-31,18.13
2012-02-01,17.99
2012-02-02,17.98
2012-02-03,16.1
2012-02-06,16.11
2012-02-07,17.5
2012-02-08,17.53
2012-02-09,18.07
2012-02-10,19.02
2012-02-13,17.92
2012-02-14,18.95
2012-02-15,19.44
2012-02-16,19.22
2012-02-17,17.54
2012-02-21,17.65
2012-02-22,17.74
2012-02-23,16.64
2012-02-24,16.42
2012-02-27,17.58
2012-02-28,17.88
2012-02-29,17.53
2012-03-01,17.26
2012-03-02,17.14
2012-03-05,18.02
2012-03-06,20.3
2012-03-07,19.07
2012-03-08,17.76
2012-03-09,16.63
2012-03-12,15.23
2012-03-13,13.99
2012-03-14,14.39
2012-03-15,14.58
2012-03-16,13.66
2012-03-19,14.54
2012-03-20,15.11
2012-03-21,14.19
2012-03-22,15.56
2012-03-23,14.69
2012-03-26,14.26
2012-03-27,14.14
2012-03-28,15.4
2012-03-29,15.39
2012-03-30,14.67
2012-04-02,15.02
2012-04-03,15.56
2012-04-04,16.31
2012-04-05,16.29
2012-04-09,17.93
2012-04-10,18.62
2012-04-11,18.73
2012-04-12,17.2
2012-04-13,17.85
2012-04-16,18.6
2012-04-17,17.58
2012-04-18,17.7
2012-04-19,17.69
2012-04-20,16.97
2012-04-23,18.95
2012-04-24,18.09
2012-04-25,16.82
2012-04-26,15.75
2012-04-27,15.83
2012-04-30,16.92
2012-05-01,16.01
2012-05-02,16.78
2012-05-03,16.73
2012-05-04,17.81
2012-05-07,18.41
2012-05-08,17.95
2012-05-09,19.38
2012-05-10,18.77
2012-05-11,18.62
2012-05-14,20.94
2012-05-15,20.76
2012-05-16,20.83
2012-05-17,21.87
2012-05-18,23.07
2012-05-21,22.01
2012-05-22,19.98
2012-05-23,21.99
2012-05-24,21.48
2012-05-25,21.3
2012-05-29,20.99
2012-05-30,22.66
2012-05-31,22.78
2012-06-01,23.94
2012-06-04,25.72
2012-06-05,24.5
2012-06-06,21.8
2012-06-07,20.74
2012-06-08,20.29
2012-06-11,19.63
2012-06-12,22.09
2012-06-13,22.66
2012-06-14,21.55
2012-06-15,20.61
2012-06-18,18.24
2012-06-19,17.36
2012-06-20,17.09
2012-06-21,16.77
2012-06-22,17.9
2012-06-25,19.89
2012-06-26,19.42
2012-06-27,19.38
2012-06-28,19.6
2012-06-29,16.87
2012-07-02,16.66
2012-07-03,16.27
2012-07-05,17.18
2012-07-06,16.95
2012-07-09,17.73
2012-07-10,17.29
2012-07-11,17.84
2012-07-12,17.75
2012-07-13,16.36
2012-07-16,16.46
2012-07-17,16.09
2012-07-18,15.69
2012-07-19,15.45
2012-07-20,15.97
2012-07-23,18.34
2012-07-24,18.37
2012-07-25,18.99
2012-07-26,17.07
2012-07-27,16.52
2012-07-30,17.23
2012-07-31,18.26
2012-08-01,18.2
2012-08-02,17.56
2012-08-03,15.64
2012-08-06,15.82
2012-08-07,15.48
2012-08-08,15.27
2012-08-09,15.28
2012-08-10,14.73
2012-08-13,13.67
2012-08-14,13.91
2012-08-15,14.36
2012-08-16,14.28
2012-08-17,13.3
2012-08-20,13.38
2012-08-21,13.46
2012-08-22,14.75
2012-08-23,15
2012-08-24,15.18
2012-08-27,15.75
2012-08-28,16.01
2012-08-29,16.5
2012-08-30,17.44
2012-08-31,16.56
2012-09-04,17.85
2012-09-05,16.99
2012-09-06,15.6
2012-09-07,14.33
2012-09-10,13.97
2012-09-11,15.46
2012-09-12,15.43
2012-09-13,13.91
2012-09-14,13.51
2012-09-17,14.38
2012-09-18,13.97
2012-09-19,13.61
2012-09-20,14.07
2012-09-21,13.69
2012-09-24,13.87
2012-09-25,14.03
2012-09-26,15.83
2012-09-27,14.83
2012-09-28,14.95
2012-10-01,15.13
2012-10-02,15.7
2012-10-03,15.13
2012-10-04,14.53
2012-10-05,13.67
2012-10-08,15.04
2012-10-09,15.18
2012-10-10,16.13
2012-10-11,15.31
2012-10-12,14.96
2012-10-15,15.23
2012-10-16,14.5
2012-10-17,14.9
2012-10-18,14.68
2012-10-19,14.9
2012-10-22,16.62
2012-10-23,18.17
2012-10-24,17.93
2012-10-25,17.3
2012-10-26,17.52
2012-10-31,17.56
2012-11-01,16.45
2012-11-02,16.05
2012-11-05,18.13
2012-11-06,17.19
2012-11-07,17.62
2012-11-08,17.96
2012-11-09,17.67
2012-11-12,16.45
2012-11-13,16.12
2012-11-14,15.93
2012-11-15,17.62
2012-11-16,16.41
2012-11-19,15.1
2012-11-20,15.06
2012-11-21,14.77
2012-11-23,15
2012-11-26,15.47
2012-11-27,15.01
2012-11-28,15.47
2012-11-29,15.02
2012-11-30,14.89
2012-12-03,15.76
2012-12-04,16.38
2012-12-05,16.27
2012-12-06,16.31
2012-12-07,15.73
2012-12-10,15.96
2012-12-11,15.42
2012-12-12,15.41
2012-12-13,15.71
2012-12-14,16.61
2012-12-17,16.21
2012-12-18,15.46
2012-12-19,16.04
2012-12-20,17.11
2012-12-21,17.76
2012-12-24,17.84
2012-12-26,18.61
2012-12-27,19.11
2012-12-28,19.94
2012-12-31,17.88
2013-01-02,14.6
2013-01-03,14.24
2013-01-04,13.64
2013-01-07,13.71
2013-01-08,13.62
2013-01-09,13.22
2013-01-10,13.33
2013-01-11,13.22
2013-01-14,13.41
2013-01-15,13.33
2013-01-16,13.2
2013-01-17,13.16
2013-01-18,12.29
2013-01-22,12.43
2013-01-23,12.3
2013-01-24,12.4
2013-01-25,12.5
2013-01-28,13.29
2013-01-29,13.04
2013-01-30,13.6
2013-01-31,14.04
2013-02-01,12.72
2013-02-04,13.8
2013-02-05,13.39
2013-02-06,13.34
2013-02-07,13.43
2013-02-08,12.89
2013-02-11,12.91
2013-02-12,12.63
2013-02-13,12.67
2013-02-14,12.64
2013-02-15,12.24
2013-02-19,12.08
2013-02-20,12.32
2013-02-21,14.67
2013-02-22,14.16
2013-02-25,13.57
2013-02-26,16.75
2013-02-27,14.42
2013-02-28,14.16
2013-03-01,15.14
2013-03-04,14.01
2013-03-05,13.24
2013-03-06,13.17
2013-03-07,13.03
2013-03-08,12.49
2013-03-11,11.5
2013-03-12,11.74
2013-03-13,11.79
2013-03-14,11.05
2013-03-15,11.21
2013-03-18,12.57
2013-03-19,12.92
2013-03-20,12.3
2013-03-21,12.62
2013-03-22,13.19
2013-03-25,12.39
2013-03-26,12.69
2013-03-27,12.97
2013-03-28,12.54
2013-04-01,13.26
2013-04-02,12.76
2013-04-03,12.62
2013-04-04,13.89
2013-04-05,13.86
2013-04-08,13.19
2013-04-09,12.75
2013-04-10,12.32
2013-04-11,12.15
2013-04-12,11.99
2013-04-15,12.66
2013-04-16,13.91
2013-04-17,14.98
2013-04-18,16.32
2013-04-19,14.87
2013-04-22,14.04
2013-04-23,13.46
2013-04-24,13.36
2013-04-25,13.13
2013-04-26,13.49
2013-04-29,13.36
2013-04-30,13.51
2013-05-01,13.87
2013-05-02,13.58
2013-05-03,12.77
2013-05-06,12.66
2013-05-07,12.49
2013-05-08,12.62
2013-05-09,12.78
2013-05-10,12.54
2013-05-13,12.49
2013-05-14,12.54
2013-05-15,12.78
2013-05-16,12.79
2013-05-17,12.26
2013-05-20,12.84
2013-05-21,12.89
2013-05-22,13.05
2013-05-23,13.87
2013-05-24,13.99
2013-05-28,13.56
2013-05-29,14.59
2013-05-30,14.27
2013-05-31,14.36
2013-06-03,16.15
2013-06-04,15.82
2013-06-05,16.57
2013-06-06,16.6
2013-06-07,14.96
2013-06-10,15.1
2013-06-11,16
2013-06-12,16.43
2013-06-13,16.37
2013-06-14,16.03
2013-06-17,16.33
2013-06-18,16.46
2013-06-19,15.36
2013-06-20,18.01
2013-06-21,18.25
2013-06-24,18.58
2013-06-25,17.82
2013-06-26,17.08
2013-06-27,16.34
2013-06-28,16.19
2013-07-01,16
2013-07-02,15.88
2013-07-03,16.2
2013-07-05,14.89
2013-07-08,14.66
2013-07-09,14.26
2013-07-10,14.06
2013-07-11,13.57
2013-07-12,13.74
2013-07-15,13.5
2013-07-16,13.78
2013-07-17,13.76
2013-07-18,13.2
2013-07-19,12.54
2013-07-22,12.29
2013-07-23,12.07
2013-07-24,12.69
2013-07-25,12.91
2013-07-26,12.71
2013-07-29,13.38
2013-07-30,13.35
2013-07-31,12.94
2013-08-01,12.82
2013-08-02,11.98
2013-08-05,11.83
2013-08-06,12.06
2013-08-07,12.96
2013-08-08,12.37
2013-08-09,12.71
2013-08-12,12.8
2013-08-13,12.29
2013-08-14,12.35
2013-08-15,13.91
2013-08-16,13.62
2013-08-19,14.35
2013-08-20,14.29
2013-08-21,14.67
2013-08-22,14.66
2013-08-23,13.98
2013-08-26,13.9
2013-08-27,15.82
2013-08-28,16.1
2013-08-29,15.99
2013-08-30,16.7
2013-09-03,16.11
2013-09-04,15.77
2013-09-05,15.63
2013-09-06,15.17
2013-09-09,15.22
2013-09-10,14.5
2013-09-11,13.82
2013-09-12,13.73
2013-09-13,14.11
2013-09-16,13.87
2013-09-17,14.28
2013-09-18,13.23
2013-09-19,13.02
2013-09-20,12.52
2013-09-23,14.02
2013-09-24,13.75
2013-09-25,13.89
2013-09-26,13.58
2013-09-27,14.62
2013-09-30,16.16
2013-10-01,15.47
2013-10-02,16.13
2013-10-03,16.63
2013-10-04,16.66
2013-10-07,18.08
2013-10-08,18.98
2013-10-09,19.04
2013-10-10,16.29
2013-10-11,15.46
2013-10-14,15.8
2013-10-15,16.16
2013-10-16,14.67
2013-10-17,12.89
2013-10-18,12.34
2013-10-21,13.07
2013-10-22,12.93
2013-10-23,13.42
2013-10-24,13.15
2013-10-25,13.08
2013-10-28,13.22
2013-10-29,13.06
2013-10-30,13.64
2013-10-31,13.28
2013-11-01,13.22
2013-11-04,12.91
2013-11-05,12.86
2013-11-06,12.67
2013-11-07,12.93
2013-11-08,12.84
2013-11-11,12.40
2013-11-12,12.63
2013-11-13,12.46
2013-11-14,12.28
2013-11-15,11.99
2013-11-18,12.41
2013-11-19,12.88
2013-11-20,12.97
2013-11-21,12.44
2013-11-22,12.24
2013-11-25,12.49
2013-11-26,12.49
2013-11-27,12.44
2013-11-29,12.93
2013-12-02,13.78
2013-12-03,14.43
2013-12-04,14.22
2013-12-05,14.70
2013-12-06,13.62
2013-12-09,13.49
2013-12-10,13.69
2013-12-11,13.98
2013-12-12,15.21
2013-12-13,15.06
2013-12-16,15.30
2013-12-17,15.81
2013-12-18,13.74
2013-12-19,12.89
2013-12-20,13.12
2013-12-23,13.02
2013-12-24,12.48
2013-12-26,11.69
2013-12-27,12.20
2013-12-30,12.83
2013-12-31,13.38
2014-01-02,14.00
2014-01-03,13.57
2014-01-06,13.22
2014-01-07,12.16
2014-01-08,12.86
2014-01-09,12.83
2014-01-10,12.14
2014-01-13,11.82
2014-01-14,11.96
2014-01-15,11.81
2014-01-16,12.28
2014-01-17,12.04
2014-01-21,12.61
2014-01-22,12.55
2014-01-23,13.67
2014-01-24,14.92
2014-01-27,16.85
2014-01-28,15.80
2014-01-29,16.71
2014-01-30,15.96
2014-01-31,17.27
2014-02-03,18.34
2014-02-04,18.44
2014-02-05,19.13
2014-02-06,17.09
2014-02-07,15.09
2014-02-10,15.10
2014-02-11,14.08
2014-02-12,14.02
2014-02-13,13.98
2014-02-14,13.44
2014-02-18,13.77
2014-02-19,14.12
2014-02-20,14.59
2014-02-21,14.19
2014-02-24,13.97
2014-02-25,13.66
2014-02-26,13.73
2014-02-27,13.92
2014-02-28,13.49
2014-03-03,15.38
2014-03-04,14.00
2014-03-05,13.81
2014-03-06,13.73
2014-03-07,13.51
2014-03-10,14.20
2014-03-11,13.84
2014-03-12,14.43
2014-03-13,14.24
2014-03-14,16.09
2014-03-17,15.37
2014-03-18,14.16
2014-03-19,13.89
2014-03-20,14.50
2014-03-21,13.77
2014-03-24,14.56
2014-03-25,13.96
2014-03-26,13.46
2014-03-27,14.49
2014-03-28,13.73
2014-03-31,13.57
2014-04-01,13.06
2014-04-02,12.92
2014-04-03,13.02
2014-04-04,12.60
2014-04-07,14.57
2014-04-08,14.81
2014-04-09,13.70
2014-04-10,13.81
2014-04-11,15.89
2014-04-14,16.10
2014-04-15,15.47
2014-04-16,14.05
2014-04-17,13.07
2014-04-21,13.17
2014-04-22,12.90
2014-04-23,13.27
2014-04-24,13.09
2014-04-25,13.91
2014-04-28,13.82
2014-04-29,13.61
2014-04-30,13.34
2014-05-01,13.10
2014-05-02,12.83
2014-05-05,13.08
2014-05-06,13.28
2014-05-07,13.39
2014-05-08,12.92
2014-05-09,12.87
2014-05-12,11.88
2014-05-13,12.05
2014-05-14,12.03
2014-05-15,12.72
2014-05-16,12.26
2014-05-19,12.28
2014-05-20,12.32
2014-05-21,11.80
2014-05-22,11.68
2014-05-23,11.36
2014-05-27,11.50
2014-05-28,11.50
2014-05-29,11.41
2014-05-30,11.32
2014-06-02,11.29
2014-06-03,11.72
2014-06-04,11.91
2014-06-05,11.44
2014-06-06,10.73
2014-06-09,10.99
2014-06-10,10.93
2014-06-11,11.19
2014-06-12,11.71
2014-06-13,11.89
2014-06-16,12.28
2014-06-17,12.06
2014-06-18,10.57
2014-06-19,10.42
2014-06-20,10.34
2014-06-23,10.92
2014-06-24,10.87
2014-06-25,11.37
2014-06-26,11.50
2014-06-27,11.19
2014-06-30,11.30
2014-07-01,10.92
2014-07-02,10.56
2014-07-03,10.28
2014-07-07,11.01
2014-07-08,11.72
2014-07-09,11.50
2014-07-10,12.05
2014-07-11,12.07
2014-07-14,11.40
2014-07-15,11.46
2014-07-16,10.59
2014-07-17,10.85
2014-07-18,12.04
2014-07-21,12.46
2014-07-22,11.69
2014-07-23,11.41
2014-07-24,11.43
2014-07-25,12.03
2014-07-28,12.54
2014-07-29,12.12
2014-07-30,12.53
2014-07-31,14.26
2014-08-01,15.52
2014-08-04,14.69
2014-08-05,15.10
2014-08-06,15.70
2014-08-07,15.44
2014-08-08,15.53
2014-08-11,13.72
2014-08-12,13.76
2014-08-13,12.84
2014-08-14,12.42
2014-08-15,11.89
2014-08-18,12.26
2014-08-19,11.91
2014-08-20,11.60
2014-08-21,11.52
2014-08-22,11.47
2014-08-25,11.24
2014-08-26,11.33
2014-08-27,11.54
2014-08-28,12.05
2014-08-29,11.78
2014-09-02,12.23
2014-09-03,11.91
2014-09-04,11.70
2014-09-05,11.96
2014-09-08,12.40
2014-09-09,12.70
2014-09-10,12.86
2014-09-11,12.66
2014-09-12,12.85
2014-09-15,13.54
2014-09-16,12.72
2014-09-17,11.73
2014-09-18,11.98
2014-09-19,11.52
2014-09-22,13.13
2014-09-23,13.83
2014-09-24,13.24
2014-09-25,14.03
2014-09-26,14.31
2014-09-29,15.45
2014-09-30,15.18
2014-10-01,16.08
2014-10-02,15.90
2014-10-03,14.44
2014-10-06,14.05
2014-10-07,15.97
2014-10-08,14.97
2014-10-09,15.34
2014-10-10,18.14
2014-10-13,20.52
2014-10-14,21.48
2014-10-15,24.64
2014-10-16,24.61
2014-10-17,20.23
2014-10-20,18.51
2014-10-21,16.03
2014-10-22,15.56
2014-10-23,15.68
2014-10-24,16.09
2014-10-27,16.00
2014-10-28,14.39
2014-10-29,14.19
2014-10-30,14.07
2014-10-31,13.72
2014-11-03,14.23
2014-11-04,14.83
2014-11-05,14.15
2014-11-06,13.67
2014-11-07,13.01
2014-11-10,12.38
2014-11-11,12.60
2014-11-12,12.99
2014-11-13,12.87
2014-11-14,13.31
2014-11-17,13.84
2014-11-18,13.13
2014-11-19,13.83
2014-11-20,13.58
2014-11-21,12.90
2014-11-24,12.43
2014-11-25,12.23
2014-11-26,11.91
2014-11-28,12.36
2014-12-01,13.94
2014-12-02,12.85
2014-12-03,12.21
2014-12-04,12.09
2014-12-05,11.53
2014-12-08,12.55
2014-12-09,14.84
2014-12-10,15.40
2014-12-11,15.94
2014-12-12,18.34
2014-12-15,17.77
2014-12-16,19.60
2014-12-17,19.26
2014-12-18,16.07
2014-12-19,16.11
2014-12-22,15.03
2014-12-23,14.32
2014-12-24,14.01
2014-12-26,14.13
2014-12-29,15.06
2014-12-30,15.48
2014-12-31,15.86
2015-01-02,17.05
2015-01-05,19.19
2015-01-06,19.52
2015-01-07,19.04
2015-01-08,16.99
2015-01-09,16.44
2015-01-12,18.02
2015-01-13,17.65
2015-01-14,21.32
2015-01-15,20.86
2015-01-16,20.95
2015-01-20,19.58
2015-01-21,18.64
2015-01-22,16.07
2015-01-23,15.81
2015-01-26,15.52
2015-01-27,16.67
2015-01-28,16.92
2015-01-29,18.66
2015-01-30,19.24
2015-02-02,19.35
2015-02-03,17.20
2015-02-04,16.82
2015-02-05,16.67
2015-02-06,16.06
2015-02-09,18.21
2015-02-10,16.97
2015-02-11,16.82
2015-02-12,15.28
2015-02-13,14.69
2015-02-17,15.53
2015-02-18,15.44
2015-02-19,15.10
2015-02-20,14.27
2015-02-23,14.49
2015-02-24,13.53
2015-02-25,12.86
2015-02-26,13.55
2015-02-27,13.29
2015-03-02,12.87
2015-03-03,13.25
2015-03-04,14.13
2015-03-05,13.88
2015-03-06,14.18
2015-03-09,14.71
2015-03-10,16.03
2015-03-11,16.29
2015-03-12,15.30
2015-03-13,15.32
2015-03-16,15.36
2015-03-17,15.66
2015-03-18,13.38
2015-03-19,13.84
2015-03-20,12.54
2015-03-23,12.89
2015-03-24,12.59
2015-03-25,13.20
2015-03-26,15.23
2015-03-27,14.19
2015-03-30,14.08
2015-03-31,14.33
2015-04-01,15.08
2015-04-02,14.27
2015-04-06,14.04
2015-04-07,14.01
2015-04-08,13.75
2015-04-09,13.09
2015-04-10,12.51
2015-04-13,12.71
2015-04-14,13.64
2015-04-15,12.83
2015-04-16,12.50
2015-04-17,13.73
2015-04-20,12.83
2015-04-21,12.66
2015-04-22,12.57
2015-04-23,12.12
2015-04-24,12.16
2015-04-27,12.33
2015-04-28,12.41
2015-04-29,12.61
2015-04-30,12.49
2015-05-01,12.68
2015-05-04,12.10
2015-05-05,12.97
2015-05-06,13.89
2015-05-07,14.81
2015-05-08,12.70
2015-05-11,13.00
2015-05-12,13.73
2015-05-13,13.06
2015-05-14,12.72
2015-05-15,12.35
2015-05-18,12.55
2015-05-19,12.55
2015-05-20,12.62
2015-05-21,12.09
2015-05-22,11.82
2015-05-26,13.34
2015-05-27,13.05
2015-05-28,13.31
2015-05-29,13.40
2015-06-01,13.47
2015-06-02,13.59
2015-06-03,13.40
2015-06-04,13.99
2015-06-05,14.21
2015-06-08,14.67
2015-06-09,14.47
2015-06-10,12.96
2015-06-11,12.56
2015-06-12,13.30
2015-06-15,14.91
2015-06-16,14.81
2015-06-17,14.07
2015-06-18,12.54
2015-06-19,12.96
2015-06-22,12.43
2015-06-23,11.93
2015-06-24,12.01
2015-06-25,12.92
2015-06-26,13.64
2015-06-29,15.82
2015-06-30,17.49
2015-07-01,15.65
2015-07-02,15.39
2015-07-06,16.57
2015-07-07,15.93
2015-07-08,16.94
2015-07-09,17.20
2015-07-10,16.60
2015-07-13,13.82
2015-07-14,12.90
2015-07-15,12.81
2015-07-16,11.87
2015-07-17,11.77
2015-07-20,11.71
2015-07-21,12.21
2015-07-22,12.05
2015-07-23,11.73
2015-07-24,12.86
2015-07-27,15.03
2015-07-28,13.32
2015-07-29,11.85
2015-07-30,12.09
2015-07-31,11.82
2015-08-03,12.32
2015-08-04,12.29
2015-08-05,10.88
2015-08-06,12.16
2015-08-07,13.29
2015-08-10,12.18
2015-08-11,13.02
2015-08-12,13.45
2015-08-13,13.06
2015-08-14,12.80
2015-08-17,13.01
2015-08-18,13.17
2015-08-19,13.73
2015-08-20,16.13
2015-08-21,20.80
2015-08-24,28.03
2015-08-25,28.08
2015-08-26,28.67
2015-08-27,24.49
2015-08-28,25.77
2015-08-31,26.63
2015-09-01,29.91
2015-09-02,24.77
2015-09-03,23.45
2015-09-04,25.68
2015-09-08,24.13
2015-09-09,21.51
2015-09-10,23.53
2015-09-11,23.15
2015-09-14,23.64
2015-09-15,22.13
2015-09-16,21.09
2015-09-17,17.87
2015-09-18,20.98
2015-09-21,20.05
2015-09-22,22.25
2015-09-23,21.14
2015-09-24,21.81
2015-09-25,20.81
2015-09-28,24.94
2015-09-29,25.76
2015-09-30,23.25
2015-10-01,22.55
2015-10-02,20.35
2015-10-05,19.14
2015-10-06,18.82
2015-10-07,18.33
2015-10-08,16.34
2015-10-09,16.89
2015-10-12,16.15
2015-10-13,16.14
2015-10-14,17.30
2015-10-15,16.04
2015-10-16,15.05
2015-10-19,14.82
2015-10-20,14.72
2015-10-21,14.41
2015-10-22,14.45
2015-10-23,13.24
2015-10-26,14.68
2015-10-27,14.78
2015-10-28,12.80
2015-10-29,14.33
2015-10-30,14.00
2015-11-02,13.67
2015-11-03,13.81
2015-11-04,13.96
2015-11-05,15.00
2015-11-06,14.32
2015-11-09,15.14
2015-11-10,15.24
2015-11-11,15.02
2015-11-12,16.65
2015-11-13,18.20
2015-11-16,17.25
2015-11-17,16.86
2015-11-18,16.80
2015-11-19,16.00
2015-11-20,15.47
2015-11-23,15.38
2015-11-24,15.48
2015-11-25,15.05
2015-11-27,15.12
2015-11-30,15.52
2015-12-01,14.63
2015-12-02,14.71
2015-12-03,15.86
2015-12-04,14.69
2015-12-07,15.58
2015-12-08,16.52
2015-12-09,15.72
2015-12-10,18.13
2015-12-11,20.88
2015-12-14,21.47
2015-12-15,20.02
2015-12-16,17.12
2015-12-17,16.13
2015-12-18,18.75
2015-12-21,18.70
2015-12-22,16.60
2015-12-23,15.33
2015-12-24,14.45
2015-12-28,16.88
2015-12-29,15.63
2015-12-30,16.50
2015-12-31,17.51
2016-01-04,20.67
2016-01-05,19.25
2016-01-06,19.80
2016-01-07,22.40
2016-01-08,22.48
2016-01-11,23.83
2016-01-12,21.91
2016-01-13,21.44
2016-01-14,23.07
2016-01-15,26.67
2016-01-19,25.21
2016-01-20,26.59
2016-01-21,25.01
2016-01-22,22.22
2016-01-25,22.38
2016-01-26,22.33
2016-01-27,20.42
2016-01-28,21.90
2016-01-29,19.50
2016-02-01,19.61
2016-02-02,21.06
2016-02-03,21.42
2016-02-04,21.24
2016-02-05,21.91
2016-02-08,25.56
2016-02-09,25.99
2016-02-10,24.47
2016-02-11,26.67
2016-02-12,24.92
2016-02-16,23.32
2016-02-17,21.83
2016-02-18,21.29
2016-02-19,20.52
2016-02-22,19.02
2016-02-23,19.54
2016-02-24,20.26
2016-02-25,19.10
2016-02-26,18.46
2016-02-29,18.38
2016-03-01,17.66
2016-03-02,16.78
2016-03-03,16.32
2016-03-04,16.05
2016-03-07,16.87
2016-03-08,17.82
2016-03-09,18.31
2016-03-10,17.06
2016-03-11,16.28
2016-03-14,16.69
2016-03-15,16.84
2016-03-16,14.89
2016-03-17,13.82
2016-03-18,13.75
2016-03-21,13.79
2016-03-22,13.75
2016-03-23,14.33
2016-03-24,14.71
2016-03-28,14.89
2016-03-29,13.79
2016-03-30,13.06
2016-03-31,13.49
2016-04-01,13.00
2016-04-04,13.66
2016-04-05,14.93
2016-04-06,14.00
2016-04-07,14.68
2016-04-08,14.84
2016-04-11,14.83
2016-04-12,14.84
2016-04-13,13.60
2016-04-14,13.38
2016-04-15,13.58
2016-04-18,13.23
2016-04-19,12.98
2016-04-20,12.50
2016-04-21,13.16
2016-04-22,13.15
2016-04-25,13.86
2016-04-26,13.66
2016-04-27,13.50
2016-04-28,13.30
2016-04-29,14.91
2016-05-02,14.48
2016-05-03,14.91
2016-05-04,15.39
2016-05-05,15.22
2016-05-06,14.71
2016-05-09,14.17
2016-05-10,13.55
2016-05-11,13.29
2016-05-12,13.95
2016-05-13,13.97
2016-05-16,14.28
2016-05-17,14.48
2016-05-18,14.86
2016-05-19,16.28
2016-05-20,15.11
2016-05-23,15.40
2016-05-24,14.36
2016-05-25,13.64
2016-05-26,13.43
2016-05-27,13.04
2016-05-31,13.45
2016-06-01,14.18
2016-06-02,13.62
2016-06-03,12.90
2016-06-06,13.42
2016-06-07,12.72
2016-06-08,13.70
2016-06-09,13.99
2016-06-10,14.85
2016-06-13,17.89
2016-06-14,20.27
2016-06-15,18.63
2016-06-16,19.24
2016-06-17,18.71
2016-06-20,16.59
2016-06-21,16.91
2016-06-22,17.83
2016-06-23,17.25
2016-06-24,19.48
2016-06-27,22.93
2016-06-28,18.75
2016-06-29,16.48
2016-06-30,15.29
2016-07-01,14.61
2016-07-05,15.49
2016-07-06,14.96
2016-07-07,14.33
2016-07-08,13.19
2016-07-11,13.00
2016-07-12,12.75
2016-07-13,12.92
2016-07-14,12.14
2016-07-15,12.27
2016-07-18,12.33
2016-07-19,11.94
2016-07-20,11.40
2016-07-21,11.69
2016-07-22,11.97
2016-07-25,12.39
2016-07-26,12.80
2016-07-27,12.50
2016-07-28,12.36
2016-07-29,11.77
2016-08-01,11.86
2016-08-02,12.35
2016-08-03,12.73
2016-08-04,11.79
2016-08-05,11.18
2016-08-08,11.41
2016-08-09,11.02
2016-08-10,11.37
2016-08-11,11.38
2016-08-12,11.28
2016-08-15,11.58
2016-08-16,11.87
2016-08-17,12.14
2016-08-18,11.42
2016-08-19,11.33
2016-08-22,11.94
2016-08-23,11.72
2016-08-24,12.30
2016-08-25,13.29
2016-08-26,12.13
2016-08-29,12.90
2016-08-30,12.70
2016-08-31,12.97
2016-09-01,12.99
2016-09-02,11.90
2016-09-06,11.85
2016-09-07,11.77
2016-09-08,11.65
2016-09-09,12.52
2016-09-12,14.76
2016-09-13,15.83
2016-09-14,16.34
2016-09-15,15.74
2016-09-16,15.28
2016-09-19,14.60
2016-09-20,14.69
2016-09-21,12.98
2016-09-22,11.76
2016-09-23,11.93
2016-09-26,13.26
2016-09-27,12.97
2016-09-28,12.24
2016-09-29,12.14
2016-09-30,12.53
2016-10-03,13.42
2016-10-04,12.92
2016-10-05,12.70
2016-10-06,12.80
2016-10-07,12.21
2016-10-10,13.29
2016-10-11,13.69
2016-10-12,15.26
2016-10-13,16.14
2016-10-14,15.25
2016-10-17,16.13
2016-10-18,15.03
2016-10-19,13.87
2016-10-20,13.74
2016-10-21,13.27
2016-10-24,12.83
2016-10-25,12.73
2016-10-26,13.66
2016-10-27,13.60
2016-10-28,14.65
2016-10-31,16.25
2016-11-01,16.51
2016-11-02,18.56
2016-11-03,18.84
2016-11-04,19.20
2016-11-07,18.39
2016-11-08,17.70
2016-11-09,14.33
2016-11-10,13.26
2016-11-11,14.15
2016-11-14,14.39
2016-11-15,13.30
2016-11-16,13.51
2016-11-17,12.97
2016-11-18,12.85
2016-11-21,12.16
2016-11-22,12.20
2016-11-23,12.19
2016-11-25,12.31
2016-11-28,12.74
2016-11-29,12.62
2016-11-30,12.23
2016-12-01,13.05
2016-12-02,12.39
2016-12-05,12.14
2016-12-06,11.54
2016-12-07,11.33
2016-12-08,11.30
2016-12-09,11.67
2016-12-12,12.07
2016-12-13,12.34
2016-12-14,12.48
2016-12-15,12.46
2016-12-16,12.15
2016-12-19,11.67
2016-12-20,11.38
2016-12-21,10.93
2016-12-22,11.14
2016-12-23,11.35
2016-12-27,11.84
2016-12-28,11.85
2016-12-29,12.95
2016-12-30,13.05
2017-01-03,12.85
2017-01-04,11.63
2017-01-05,11.40
2017-01-06,10.98
2017-01-09,11.46
2017-01-10,11.31
2017-01-11,11.21
2017-01-12,11.32
2017-01-13,10.94
2017-01-17,11.79
2017-01-18,11.69
2017-01-19,12.17
2017-01-20,11.53
2017-01-23,11.59
2017-01-24,11.04
2017-01-25,10.51
2017-01-26,10.60
2017-01-27,10.30
2017-01-30,11.10
2017-01-31,11.79
2017-02-01,9.97
2017-02-02,11.62
2017-02-03,10.72
2017-02-06,11.09
2017-02-07,11.06
2017-02-08,11.15
2017-02-09,10.74
2017-02-10,10.55
2017-02-13,11.07
2017-02-14,10.73
2017-02-15,10.80
2017-02-16,11.69
2017-02-17,11.37
2017-02-21,11.50
2017-02-22,11.44
2017-02-23,11.54
2017-02-24,11.34
2017-02-27,11.53
2017-02-28,12.13
2017-03-01,11.78
2017-03-02,11.32
2017-03-03,10.94
2017-03-06,11.06
2017-03-07,11.04
2017-03-08,11.09
2017-03-09,11.62
2017-03-10,11.46
2017-03-13,11.29
2017-03-14,11.28
2017-03-15,10.60
2017-03-16,11.16
2017-03-17,10.78
2017-03-20,11.03
2017-03-21,10.92
2017-03-22,11.99
2017-03-23,12.18
2017-03-24,12.27
2017-03-27,12.48
2017-03-28,11.34
2017-03-29,11.03
2017-03-30,11.12
2017-03-31,11.50
2017-04-03,12.27
2017-04-04,11.70
2017-04-05,10.90
2017-04-06,11.70
2017-04-07,12.23
2017-04-10,12.94
2017-04-11,14.17
2017-04-12,14.84
2017-04-13,14.97
2017-04-17,14.60
2017-04-18,14.29
2017-04-19,13.46
2017-04-20,13.83
2017-04-21,13.85
2017-04-24,10.82
2017-04-25,10.22
2017-04-26,10.39
2017-04-27,10.33
2017-04-28,10.29
2017-05-01,9.90
2017-05-02,10.04
2017-05-03,10.40
2017-05-04,10.27
2017-05-05,9.99
2017-05-08,9.67
2017-05-09,9.56
2017-05-10,9.62
2017-05-11,10.32
2017-05-12,10.28
2017-05-15,10.25
2017-05-16,10.18
2017-05-17,11.53
2017-05-18,14.03
2017-05-19,11.72
2017-05-22,10.89
2017-05-23,10.56
2017-05-24,9.88
2017-05-25,9.72
2017-05-26,9.65
2017-05-30,10.14
2017-05-31,9.93
2017-06-01,9.69
2017-06-02,9.58
2017-06-05,9.60
2017-06-06,9.86
2017-06-07,10.12
2017-06-08,9.73
2017-06-09,9.37
2017-06-12,11.19
2017-06-13,10.26
2017-06-14,10.01
2017-06-15,10.74
2017-06-16,10.26
2017-06-19,10.01
2017-06-20,10.24
2017-06-21,10.40
2017-06-22,10.24
2017-06-23,9.85
2017-06-26,9.68
2017-06-27,9.80
2017-06-28,9.76
2017-06-29,9.73
2017-06-30,10.40
2017-07-03,10.28
2017-07-05,10.79
2017-07-06,11.18
2017-07-07,10.98
2017-07-10,10.61
2017-07-11,10.68
2017-07-12,10.08
2017-07-13,9.90
2017-07-14,9.50
2017-07-17,9.71
2017-07-18,9.66
2017-07-19,9.58
2017-07-20,9.50
2017-07-21,9.30
2017-07-24,9.26
2017-07-25,9.04
2017-07-26,8.84
2017-07-27,9.16
2017-07-28,10.26
2017-07-31,10.23
2017-08-01,9.95
2017-08-02,9.80
2017-08-03,9.90
2017-08-04,9.68
2017-08-07,9.76
2017-08-08,9.52
2017-08-09,11.11
2017-08-10,11.56
2017-08-11,14.50
2017-08-14,12.06
2017-08-15,11.45
2017-08-16,11.25
2017-08-17,11.54
2017-08-18,13.32
2017-08-21,13.07
2017-08-22,11.35
2017-08-23,11.39
2017-08-24,11.55
2017-08-25,11.10
2017-08-28,11.23
2017-08-29,11.48
2017-08-30,10.96
2017-08-31,10.34
2017-09-01,10.02
2017-09-05,11.41
2017-09-06,11.35
2017-09-07,11.32
2017-09-08,11.84
2017-09-11,10.51
2017-09-12,10.29
2017-09-13,10.33
2017-09-14,10.28
2017-09-15,10.00
2017-09-18,9.88
2017-09-19,9.85
2017-09-20,9.67
2017-09-21,9.54
2017-09-22,9.50
2017-09-25,9.79
2017-09-26,9.94
2017-09-27,9.63
2017-09-28,9.55
2017-09-29,9.36
2017-10-02,9.37
2017-10-03,9.30
2017-10-04,9.53
2017-10-05,9.13
2017-10-06,9.11
2017-10-09,9.88
2017-10-10,9.94
2017-10-11,9.72
2017-10-12,9.65
2017-10-13,9.44
2017-10-16,9.75
2017-10-17,9.78
2017-10-18,9.87
2017-10-19,9.99
2017-10-20,9.29
2017-10-23,9.94
2017-10-24,10.39
2017-10-25,10.99
2017-10-26,10.60
2017-10-27,9.74
2017-10-30,10.10
2017-10-31,9.90
2017-11-01,9.74
2017-11-02,9.67
2017-11-03,8.99
2017-11-06,9.38
2017-11-07,9.29
2017-11-08,9.50
2017-11-09,9.79
2017-11-10,10.50
2017-11-13,11.00
2017-11-14,11.45
2017-11-15,12.33
2017-11-16,11.38
2017-11-17,11.16
2017-11-20,10.44
2017-11-21,9.67
2017-11-22,9.32
2017-11-24,8.56
2017-11-27,9.79
2017-11-28,9.53
2017-11-29,9.81
2017-11-30,10.25
2017-12-01,10.54
2017-12-04,10.26
2017-12-05,10.65
2017-12-06,10.86
2017-12-07,10.12
2017-12-08,9.43
2017-12-11,9.28
2017-12-12,9.21
2017-12-13,9.65
2017-12-14,9.78
2017-12-15,9.22
2017-12-18,9.24
2017-12-19,9.18
2017-12-20,8.90
2017-12-21,9.20
2017-12-22,9.35
2017-12-26,10.13
2017-12-27,9.71
2017-12-28,10.07
2017-12-29,9.95
2018-01-02,9.52
2018-01-03,8.94
2018-01-04,8.92
2018-01-05,9.00
2018-01-08,9.32
2018-01-09,9.37
2018-01-10,9.82
2018-01-11,9.62
2018-01-12,9.54
2018-01-16,10.40
2018-01-17,11.18
2018-01-18,11.62
2018-01-19,11.18
2018-01-22,10.84
2018-01-23,10.76
2018-01-24,10.89
2018-01-25,11.20
2018-01-26,11.08
2018-01-29,11.68
2018-01-30,13.88
2018-01-31,13.41
2018-02-01,12.50
2018-02-02,13.64
2018-02-05,16.80
2018-02-06,22.42
2018-02-07,21.17
2018-02-08,24.41
2018-02-09,27.73
2018-02-12,24.42
2018-02-13,24.47
2018-02-14,18.99
2018-02-15,17.60
2018-02-16,17.44
2018-02-20,19.75
2018-02-21,16.97
2018-02-22,18.07
2018-02-23,16.47
2018-02-26,15.80
2018-02-27,15.29
2018-02-28,15.65
2018-03-01,19.57
2018-03-02,19.36
2018-03-05,17.94
2018-03-06,17.68
2018-03-07,17.52
2018-03-08,14.91
2018-03-09,13.31
2018-03-12,15.18
2018-03-13,15.03
2018-03-14,14.94
2018-03-15,15.96
2018-03-16,15.23
2018-03-19,16.56
2018-03-20,18.09
2018-03-21,16.26
2018-03-22,18.12
2018-03-23,21.63
2018-03-26,20.71
2018-03-27,19.84
2018-03-28,21.71
2018-03-29,19.60
2018-04-02,20.44
2018-04-03,20.92
2018-04-04,19.86
2018-04-05,18.57
2018-04-06,18.60
2018-04-09,20.34
2018-04-10,20.24
2018-04-11,19.64
2018-04-12,18.16
2018-04-13,17.26
2018-04-16,16.38
2018-04-17,14.57
2018-04-18,14.95
2018-04-19,15.16
2018-04-20,15.19
2018-04-23,15.79
2018-04-24,15.37
2018-04-25,17.75
2018-04-26,16.24
2018-04-27,15.25
2018-04-30,15.13
2018-05-01,15.42
2018-05-02,14.75
2018-05-03,15.43
2018-05-04,10.91
2018-05-07,14.51
2018-05-08,14.52
2018-05-09,13.38
2018-05-10,12.92
2018-05-11,12.65
2018-05-14,12.81
2018-05-15,12.50
2018-05-16,13.21
2018-05-17,12.65
2018-05-18,13.06
2018-05-21,12.78
2018-05-22,12.77
2018-05-23,12.49
2018-05-24,12.53
2018-05-25,12.29
2018-05-29,14.39
2018-05-30,14.65
2018-05-31,14.20
2018-06-01,13.37
2018-06-04,12.69
2018-06-05,12.30
2018-06-06,11.62
2018-06-07,11.22
2018-06-08,12.09
2018-06-11,12.14
2018-06-12,11.88
2018-06-13,11.98
2018-06-14,11.88
2018-06-15,11.93
2018-06-18,12.28
2018-06-19,13.21
2018-06-20,12.25
2018-06-21,12.18
2018-06-22,13.11
2018-06-25,14.56
2018-06-26,15.10
2018-06-27,14.76
2018-06-28,16.40
2018-06-29,14.66
2018-07-02,15.54
2018-07-03,14.68
2018-07-05,14.47
2018-07-06,13.34
2018-07-09,12.60
2018-07-10,11.93
2018-07-11,13.09
2018-07-12,12.42
2018-07-13,11.62
2018-07-16,12.13
2018-07-17,11.85
2018-07-18,11.44
2018-07-19,11.79
2018-07-20,12.49
2018-07-23,12.58
2018-07-24,11.66
2018-07-25,11.80
2018-07-26,11.78
2018-07-27,11.60
2018-07-30,12.98
2018-07-31,12.81
2018-08-01,12.45
2018-08-02,12.17
2018-08-03,11.07
2018-08-06,11.17
2018-08-07,10.52
2018-08-08,10.52
2018-08-09,10.17
2018-08-10,11.59
2018-08-13,12.95
2018-08-14,13.11
2018-08-15,13.44
2018-08-16,12.82
2018-08-17,12.40
2018-08-20,12.26
2018-08-21,12.09
2018-08-22,11.97
2018-08-23,11.65
2018-08-24,11.83
2018-08-27,12.02
2018-08-28,11.87
2018-08-29,12.09
2018-08-30,12.24
2018-08-31,12.82
2018-09-04,13.12
2018-09-05,13.23
2018-09-06,13.72
2018-09-07,14.31
2018-09-10,13.93
2018-09-11,13.21
2018-09-12,12.91
2018-09-13,12.30
2018-09-14,11.93
2018-09-17,12.32
2018-09-18,12.56
2018-09-19,11.66
2018-09-20,11.31
2018-09-21,11.10
2018-09-24,12.18
2018-09-25,11.80
2018-09-26,11.55
2018-09-27,11.94
2018-09-28,12.09
2018-10-01,11.57
2018-10-02,11.61
2018-10-03,11.34
2018-10-04,12.42
2018-10-05,11.72
2018-10-08,15.69
2018-10-09,15.27
2018-10-10,15.83
2018-10-11,20.65
2018-10-12,20.88
2018-10-15,19.47
2018-10-16,17.55
2018-10-17,17.06
2018-10-18,17.51
2018-10-19,18.39
2018-10-22,18.82
2018-10-23,20.18
2018-10-24,20.40
2018-10-25,22.06
2018-10-26,23.33
2018-10-29,22.01
2018-10-30,23.11
2018-10-31,20.39
2018-11-01,19.03
2018-11-02,18.05
2018-11-05,19.64
2018-11-06,19.69
2018-11-07,16.33
2018-11-08,16.09
2018-11-09,16.84
2018-11-12,17.25
2018-11-13,19.11
2018-11-14,19.30
2018-11-15,19.94
2018-11-16,18.10
2018-11-19,18.52
2018-11-20,20.37
2018-11-21,20.11
2018-11-23,20.65
2018-11-26,18.67
2018-11-27,18.70
2018-11-28,18.18
2018-11-29,18.59
2018-11-30,18.03
2018-12-03,15.94
2018-12-04,16.26
2018-12-06,20.94
2018-12-07,19.90
2018-12-10,22.50
2018-12-11,21.39
2018-12-12,20.50
2018-12-13,20.34
2018-12-14,20.95
2018-12-17,21.97
2018-12-18,23.64
2018-12-19,22.50
2018-12-20,24.68
2018-12-21,25.71
2018-12-24,29.16
2018-12-26,29.59
2018-12-27,29.66
2018-12-28,27.43
2018-12-31,25.33
2019-01-02,23.05
2019-01-03,24.05
2019-01-04,21.19
2019-01-07,20.91
2019-01-08,20.09
2019-01-09,19.48
2019-01-10,19.29
2019-01-11,18.12
2019-01-14,18.70
2019-01-15,17.98
2019-01-16,17.76
2019-01-17,17.85
2019-01-18,17.17
2019-01-22,18.20
2019-01-23,19.47
2019-01-24,18.63
2019-01-25,17.31
2019-01-28,18.42
2019-01-29,18.42
2019-01-30,17.54
2019-01-31,16.54
2019-02-01,16.08
2019-02-04,15.60
2019-02-05,15.04
2019-02-06,15.09
2019-02-07,15.51
2019-02-08,15.62
2019-02-11,15.34
2019-02-12,14.95
2019-02-13,15.00
2019-02-14,15.30
2019-02-15,14.79
2019-02-19,14.64
2019-02-20,13.99
2019-02-21,13.85
2019-02-22,13.51
2019-02-25,13.44
2019-02-26,14.52
2019-02-27,14.70
2019-02-28,14.39
2019-03-01,13.41
2019-03-04,13.38
2019-03-05,14.26
2019-03-06,14.74
2019-03-07,15.54
2019-03-08,16.02
2019-03-11,14.33
2019-03-12,13.61
2019-03-13,13.25
2019-03-14,13.16
2019-03-15,12.50
2019-03-18,13.00
2019-03-19,12.37
2019-03-20,13.05
2019-03-21,13.26
2019-03-22,13.62
2019-03-25,16.26
2019-03-26,14.67
2019-03-27,14.51
2019-03-28,14.41
2019-03-29,13.64
2019-04-01,13.32
2019-04-02,13.13
2019-04-03,12.85
2019-04-04,13.40
2019-04-05,12.17
2019-04-08,13.10
2019-04-09,13.31
2019-04-10,13.27
2019-04-11,12.91
2019-04-12,11.95
2019-04-15,12.24
2019-04-16,11.85
2019-04-17,11.03
2019-04-18,12.02
2019-04-22,12.38
2019-04-23,12.08
2019-04-24,12.26
2019-04-25,12.81
2019-04-26,12.49
2019-04-29,12.65
2019-04-30,12.88
2019-05-01,12.74
2019-05-02,13.80
2019-05-03,12.80
2019-05-06,12.89
2019-05-07,15.80
2019-05-08,18.29
2019-05-09,18.87
2019-05-10,15.57
2019-05-13,18.35
2019-05-14,17.45
2019-05-15,16.41
2019-05-16,15.16
2019-05-17,14.86
2019-05-20,15.46
2019-05-21,14.79
2019-05-22,14.42
2019-05-23,15.28
2019-05-24,15.52
2019-05-28,15.90
2019-05-29,17.62
2019-05-30,16.72
2019-05-31,18.01
2019-06-03,18.16
2019-06-04,16.97
2019-06-05,16.04
2019-06-06,15.36
2019-06-07,15.33
2019-06-10,15.84
2019-06-11,15.50
2019-06-12,15.78
2019-06-13,15.61
2019-06-14,15.21
2019-06-17,15.24
2019-06-18,14.62
2019-06-19,14.15
2019-06-20,13.19
2019-06-21,14.42
2019-06-24,15.23
2019-06-25,15.10
2019-06-26,15.47
2019-06-27,15.66
2019-06-28,15.08
2019-07-01,13.80
2019-07-02,12.90
2019-07-03,12.56
2019-07-05,12.04
2019-07-08,13.64
2019-07-09,13.99
2019-07-10,12.98
2019-07-11,12.39
2019-07-12,12.28
2019-07-15,12.49
2019-07-16,12.28
2019-07-17,12.24
2019-07-18,13.19
2019-07-19,13.09
2019-07-22,13.42
2019-07-23,12.55
2019-07-24,11.98
2019-07-25,11.69
2019-07-26,12.01
2019-07-29,12.58
2019-07-30,12.87
2019-07-31,13.46
2019-08-01,13.73
2019-08-02,17.04
2019-08-05,19.91
2019-08-06,19.77
2019-08-07,18.94
2019-08-08,16.82
2019-08-09,17.31
2019-08-12,17.77
2019-08-13,17.52
2019-08-14,17.75
2019-08-15,20.78
2019-08-16,18.41
2019-08-19,16.52
2019-08-20,16.45
2019-08-21,15.51
2019-08-22,15.63
2019-08-23,16.04
2019-08-26,19.06
2019-08-27,18.49
2019-08-28,19.10
2019-08-29,17.60
2019-08-30,17.09
2019-09-03,19.41
2019-09-04,17.26
2019-09-05,15.45
2019-09-06,14.91
2019-09-09,14.95
2019-09-10,15.11
2019-09-11,14.55
2019-09-12,13.85
2019-09-13,13.51
2019-09-16,14.50
2019-09-17,14.40
2019-09-18,13.80
2019-09-19,13.31
2019-09-20,13.35
2019-09-23,14.71
2019-09-24,14.33
2019-09-25,15.69
2019-09-26,15.35
2019-09-27,15.15
2019-09-30,16.20
2019-10-01,15.79
2019-10-02,18.75
2019-10-03,19.03
2019-10-04,16.97
2019-10-07,16.44
2019-10-08,17.42
2019-10-09,17.77
2019-10-10,17.56
2019-10-11,15.11
2019-10-14,14.51
2019-10-15,13.39
2019-10-16,13.60
2019-10-17,13.31
2019-10-18,13.78
2019-10-21,14.00
2019-10-22,13.70
2019-10-23,14.01
2019-10-24,13.40
2019-10-25,12.62
2019-10-28,12.66
2019-10-29,13.07
2019-10-30,12.27
2019-10-31,12.19
2019-11-01,12.25
2019-11-04,12.44
2019-11-05,12.25
2019-11-06,12.60
2019-11-07,12.26
2019-11-08,12.00
2019-11-11,12.66
2019-11-12,12.36
2019-11-13,12.88
2019-11-14,12.93
2019-11-15,11.92
2019-11-18,12.32
2019-11-19,12.16
2019-11-20,12.61
2019-11-21,12.49
2019-11-22,12.33
2019-11-25,11.73
2019-11-26,11.42
2019-11-27,11.44
2019-11-29,12.12
2019-12-02,12.55
2019-12-03,14.61
2019-12-04,14.12
2019-12-05,14.17
2019-12-06,13.19
2019-12-09,12.25
2019-12-10,14.93
2019-12-11,14.98
2019-12-12,13.60
2019-12-13,12.54
2019-12-16,11.71
2019-12-17,11.90
2019-12-18,11.93
2019-12-19,12.43
2019-12-20,12.04
2019-12-23,12.41
2019-12-24,12.56
2019-12-26,11.72
2019-12-27,11.89
2019-12-30,13.44
2019-12-31,13.75
2020-01-02,12.42
2020-01-03,13.13
2020-01-06,13.54
2020-01-07,13.39
2020-01-08,12.83
2020-01-09,12.53
2020-01-10,12.09
2020-01-13,12.32
2020-01-14,12.05
2020-01-15,11.95
2020-01-16,11.78
2020-01-17,11.75
2020-01-21,12.32
2020-01-22,12.31
2020-01-23,12.94
2020-01-24,12.62
2020-01-27,16.82
2020-01-28,15.69
2020-01-29,14.94
2020-01-30,15.30
2020-01-31,16.18
2020-02-03,17.10
2020-02-04,15.63
2020-02-05,15.02
2020-02-06,14.70
2020-02-07,14.81
